mep_identifier,mep_honorific_prefix,mep_given_name,mep_family_name,mep_official_given_name,mep_official_family_name,mep_gender,mep_citizenship,mep_place_of_birth,mep_birthday,mep_death_date,mep_image,mep_email,mep_homepage,mep_twitter,mep_facebook_page,mep_facebook_profile,mep_instagram,mep_URI
9,Mr,Herbert W.,Köhler,,,male,Germany,Peiskretscham Kreis Gleiwitz,17/12/1919 02:00,,https://www.europarl.europa.eu/mepphoto/9.jpg,,,,,,,https://data.europarl.europa.eu/person/9
220,Mr,Richie,Ryan,,,male,Ireland,Dublin,27/02/1929 02:00,17/03/2019 01:00,https://www.europarl.europa.eu/mepphoto/220.jpg,,,,,,,https://data.europarl.europa.eu/person/220
270,Mr,Silvio,Leonardi,,,male,Italy,Torino,16/07/1914 01:00,21/04/1990 12:00,https://www.europarl.europa.eu/mepphoto/270.jpg,,,,,,,https://data.europarl.europa.eu/person/270
281,Mr,Gabriel,Kaspereit,,,male,France,Paris,21/06/1919 01:00,,https://www.europarl.europa.eu/mepphoto/281.jpg,,,,,,,https://data.europarl.europa.eu/person/281
312,Mr,Pietro,LEZZI,,,male,Italy,Napoli,15/12/1922 02:00,05/10/2013 12:00,https://www.europarl.europa.eu/mepphoto/312.jpg,,,,,,,https://data.europarl.europa.eu/person/312
433,Mr,André,Fanton,,,male,France,,31/03/1928 02:00,,https://www.europarl.europa.eu/mepphoto/433.jpg,,,,,,,https://data.europarl.europa.eu/person/433
646,Mr,André R.J.-M.H.-A,Damseaux,,,male,Belgium,,05/03/1937 02:00,,https://www.europarl.europa.eu/mepphoto/646.jpg,,,,,,,https://data.europarl.europa.eu/person/646
647,Ms,Louise,Weiss,,,female,France,Arras,###############################################################################################################################################################################################################################################################,,https://www.europarl.europa.eu/mepphoto/647.jpg,,,,,,,https://data.europarl.europa.eu/person/647
648,Ms,Hanna,Walz,,,female,Germany,Templin (Uckermark),28/11/1918 02:00,,https://www.europarl.europa.eu/mepphoto/648.jpg,,,,,,,https://data.europarl.europa.eu/person/648
653,Mr,Joris B.,Verhaegen,,,male,Belgium,Hulshout,03/05/1921 01:00,25/08/1981 12:00,https://www.europarl.europa.eu/mepphoto/653.jpg,,,,,,,https://data.europarl.europa.eu/person/653
654,Mr,Protogene,Veronesi,,,male,Italy,Bologna,19/02/1920 01:00,23/08/1990 12:00,https://www.europarl.europa.eu/mepphoto/654.jpg,,,,,,,https://data.europarl.europa.eu/person/654
655,Mr,Themistokles,Visas,???????????,?????,male,Greece,Plolemaida,13/11/1930 02:00,,https://www.europarl.europa.eu/mepphoto/655.jpg,,,,,,,https://data.europarl.europa.eu/person/655
656,Mr,Giuseppe,VITALE,,,male,Italy,Locri (Reggio Calabria),26/08/1923 01:00,29/01/2013 01:00,https://www.europarl.europa.eu/mepphoto/656.jpg,,,,,,,https://data.europarl.europa.eu/person/656
657,Mr,Ioannis,Ziagas,???????,???????,male,Greece,Trikala,12/12/1940 12:00,,https://www.europarl.europa.eu/mepphoto/657.jpg,,,,,,,https://data.europarl.europa.eu/person/657
658,Mr,Ioannis,Zighdis,????????,??????,male,Greece,Lindos (Rodos),21/07/1913 01:00,,https://www.europarl.europa.eu/mepphoto/658.jpg,,,,,,,https://data.europarl.europa.eu/person/658
659,Mr,Marcel Albert,Vandewiele,,,male,Belgium,Saint-Joris-Ten Distel,10/07/1920 01:00,,https://www.europarl.europa.eu/mepphoto/659.jpg,,,,,,,https://data.europarl.europa.eu/person/659
660,Mr,Fred A.,Warner,,,male,United Kingdom,Bournemouth,02/05/1918 12:00,,https://www.europarl.europa.eu/mepphoto/660.jpg,,,,,,,https://data.europarl.europa.eu/person/660
662,Mr,Jean,Wolter,,,male,Luxembourg,,,,https://www.europarl.europa.eu/mepphoto/662.jpg,,,,,,,https://data.europarl.europa.eu/person/662
663,Mr,Benigno,Zaccagnini,,,male,Italy,Faenza (Ravenna),17/04/1912 01:00,,https://www.europarl.europa.eu/mepphoto/663.jpg,,,,,,,https://data.europarl.europa.eu/person/663
664,Mr,Nikos,Zardinidis,?????,???????????,male,Greece,Thessaloniki,17/01/1917 01:00,,https://www.europarl.europa.eu/mepphoto/664.jpg,,,,,,,https://data.europarl.europa.eu/person/664
665,Mr,Ortensio,Zecchino,,,male,Italy,Asmara (Etiopia),20/04/1943 12:00,,https://www.europarl.europa.eu/mepphoto/665.jpg,,,,,,,https://data.europarl.europa.eu/person/665
666,Mr,Joannes J.,Verroken,,,male,Belgium,Melden,30/01/1917 01:00,,https://www.europarl.europa.eu/mepphoto/666.jpg,,,,,,,https://data.europarl.europa.eu/person/666
667,Mr,Daniel J.E.,Vié,,,male,France,Nantes,25/04/1925 01:00,18/06/1998 12:00,https://www.europarl.europa.eu/mepphoto/667.jpg,,,,,,,https://data.europarl.europa.eu/person/667
668,Mr,Dimitrios,Vlahopoulos,?????????,???????????,male,Greece,Veria,13/08/1931 01:00,,https://www.europarl.europa.eu/mepphoto/668.jpg,,,,,,,https://data.europarl.europa.eu/person/668
669,Mr,Georgios,Voyadzis,????????,?????????,male,Greece,Konistra (Evia),23/12/1913 01:00,,https://www.europarl.europa.eu/mepphoto/669.jpg,,,,,,,https://data.europarl.europa.eu/person/669
670,Mr,Herman F.G.,Vanderpoorten,,,male,Belgium,Lier,25/08/1922 01:00,,https://www.europarl.europa.eu/mepphoto/670.jpg,,,,,,,https://data.europarl.europa.eu/person/670
671,Mr,Paul,Vankerkhoven,,,male,Belgium,Bruxelles,03/11/1941 12:00,,https://www.europarl.europa.eu/mepphoto/671.jpg,,,,,,,https://data.europarl.europa.eu/person/671
672,Mr,Eric K.P.,Van Rompuy,,,male,Belgium,Ukkel,23/11/1949 01:00,,https://www.europarl.europa.eu/mepphoto/672.jpg,,,,,,,https://data.europarl.europa.eu/person/672
673,Mr,Mihail,Vardakas,??????,????????,male,Greece,Thessaloniki,14/09/1921 01:00,,https://www.europarl.europa.eu/mepphoto/673.jpg,,,,,,,https://data.europarl.europa.eu/person/673
674,Mr,Seán,Treacy,,,male,Ireland,Clonmel (Co. Tipperary),22/09/1923 01:00,23/04/2018 12:00,https://www.europarl.europa.eu/mepphoto/674.jpg,,,,,,,https://data.europarl.europa.eu/person/674
675,Mr,André,Turcat,,,male,France,Marseille,23/10/1921 01:00,,https://www.europarl.europa.eu/mepphoto/675.jpg,,,,,,,https://data.europarl.europa.eu/person/675
676,Mr,Alan R.,Tyrrell,,,male,United Kingdom,Bolobo (Zaïre),27/06/1933 01:00,,https://www.europarl.europa.eu/mepphoto/676.jpg,,,,,,,https://data.europarl.europa.eu/person/676
677,Mr,Gaston,Thorn,,,male,Luxembourg,Luxembourg,03/09/1928 01:00,,https://www.europarl.europa.eu/mepphoto/677.jpg,,,,,,,https://data.europarl.europa.eu/person/677
678,Mr,James W.,SPICER,,,male,United Kingdom,London,04/10/1925 02:00,21/03/2015 01:00,https://www.europarl.europa.eu/mepphoto/678.jpg,,,,,,,https://data.europarl.europa.eu/person/678
679,Mr,Hughes,Tatilon,,,male,France,Marseille,16/11/1909 01:00,23/07/1983 12:00,https://www.europarl.europa.eu/mepphoto/679.jpg,,,,,,,https://data.europarl.europa.eu/person/679
680,Mr,John Mark,Taylor,,,male,United Kingdom,Hampton-in-Arden,19/08/1941 12:00,,https://www.europarl.europa.eu/mepphoto/680.jpg,,,,,,,https://data.europarl.europa.eu/person/680
681,Ms,Yvonne,Théobald-Paoli,,,female,France,Solaro (Corse),10/08/1921 01:00,02/10/1993 01:00,https://www.europarl.europa.eu/mepphoto/681.jpg,,,,,,,https://data.europarl.europa.eu/person/681
682,Mr,Giovanni,Travaglini,,,male,Italy,Napoli,30/10/1924 02:00,15/11/2020 01:00,https://www.europarl.europa.eu/mepphoto/682.jpg,,,,,,,https://data.europarl.europa.eu/person/682
683,Ms,Antoinette,Spaak,,,female,Belgium,Bruxelles,27/06/1928 01:00,,https://www.europarl.europa.eu/mepphoto/683.jpg,,,,,,,https://data.europarl.europa.eu/person/683
684,Mr,Jean,Spautz,,,male,Luxembourg,Schifflange,09/09/1930 01:00,,https://www.europarl.europa.eu/mepphoto/684.jpg,,,,,,,https://data.europarl.europa.eu/person/684
685,Mr,Carlo,Stella,,,male,Italy,Torino,04/11/1910 01:00,23/12/2000 01:00,https://www.europarl.europa.eu/mepphoto/685.jpg,,,,,,,https://data.europarl.europa.eu/person/685
686,Mr,Giorgio,Strehler,,,male,Italy,Trieste,14/08/1921 01:00,,https://www.europarl.europa.eu/mepphoto/686.jpg,,,,,,,https://data.europarl.europa.eu/person/686
687,Mr,Hellmut,Sieglerschmidt,,,male,Germany,Berlin,17/10/1917 01:00,,https://www.europarl.europa.eu/mepphoto/687.jpg,,,,,,,https://data.europarl.europa.eu/person/687
688,Mr,Heinz,Schmitt,,,male,Germany,Brackwede (Kr. Bielefeld),30/08/1920 01:00,30/10/1980 01:00,https://www.europarl.europa.eu/mepphoto/688.jpg,,,,,,,https://data.europarl.europa.eu/person/688
689,Mr,Jean,Seitlinger,,,male,France,St. Louis-les Bitche,16/11/1924 02:00,02/09/2018 12:00,https://www.europarl.europa.eu/mepphoto/689.jpg,,,,,,,https://data.europarl.europa.eu/person/689
690,Mr,Maurice-René,Simonnet,,,male,France,Lyon,04/10/1919 01:00,01/08/1988 12:00,https://www.europarl.europa.eu/mepphoto/690.jpg,,,,,,,https://data.europarl.europa.eu/person/690
691,Mr,Sven,Skovmand,,,male,Denmark,Frederiksberg,29/09/1936 01:00,,https://www.europarl.europa.eu/mepphoto/691.jpg,,,,,,,https://data.europarl.europa.eu/person/691
692,Mr,Evanghelos,Soussouroyannis,?????????,???????????????,male,Greece,Kavala,01/01/1930 02:00,,https://www.europarl.europa.eu/mepphoto/692.jpg,,,,,,,https://data.europarl.europa.eu/person/692
693,Ms,Alphonsine M.J.,PHLIX,,,female,Belgium,Hasselt,19/09/1928 01:00,21/12/2011 01:00,https://www.europarl.europa.eu/mepphoto/693.jpg,,,,,,,https://data.europarl.europa.eu/person/693
694,Ms,Marie-Jane,Pruvot,,,female,France,Pont l'Evêque (Calvados),13/12/1922 02:00,,https://www.europarl.europa.eu/mepphoto/694.jpg,,,,,,,https://data.europarl.europa.eu/person/694
695,Ms,Yvette,Roudy,,,female,France,Pessac (Gironde),10/04/1929 02:00,,https://www.europarl.europa.eu/mepphoto/695.jpg,,,,,,,https://data.europarl.europa.eu/person/695
696,Ms,Marie-Claire,SCAMARONI,,,female,France,Paris,22/09/1913 01:00,18/07/2006 12:00,https://www.europarl.europa.eu/mepphoto/696.jpg,,,,,,,https://data.europarl.europa.eu/person/696
697,Mr,Leonardo,Sciascia,,,male,Italy,Racalmuto,08/01/1921 02:00,,https://www.europarl.europa.eu/mepphoto/697.jpg,,,,,,,https://data.europarl.europa.eu/person/697
698,Mr,Jacques,Santer,,,male,Luxembourg,Wasserbillig,18/05/1937 01:00,,https://www.europarl.europa.eu/mepphoto/698.jpg,,,,,,,https://data.europarl.europa.eu/person/698
699,Mr,Rudolf F.,Schieler,,,male,Germany,Teningen (Baden),22/05/1928 01:00,,https://www.europarl.europa.eu/mepphoto/699.jpg,,,,,,,https://data.europarl.europa.eu/person/699
700,Mr,Paul,Schnitker,,,male,Germany,Münster,12/01/1927 02:00,,https://www.europarl.europa.eu/mepphoto/700.jpg,,,,,,,https://data.europarl.europa.eu/person/700
701,Mr,Karl,Schön,,,male,Germany,Elstra (Sachsen),26/07/1923 01:00,,https://www.europarl.europa.eu/mepphoto/701.jpg,,,,,,,https://data.europarl.europa.eu/person/701
702,Mr,Roger-Gérard,Schwartzenberg,,,male,France,Pau,17/04/1943 12:00,,https://www.europarl.europa.eu/mepphoto/702.jpg,,,,,,,https://data.europarl.europa.eu/person/702
703,Mr,Olaf,Schwencke,,,male,Germany,Pinneberg (Holstein),27/01/1936 02:00,,https://www.europarl.europa.eu/mepphoto/703.jpg,,,,,,,https://data.europarl.europa.eu/person/703
704,Ms,Jeanne M.,Pauwelyn,,,female,Belgium,Stade,14/09/1914 01:00,,https://www.europarl.europa.eu/mepphoto/704.jpg,,,,,,,https://data.europarl.europa.eu/person/704
705,Mr,Georges,Sarre,,,male,France,Chenerailles (Creuse),26/11/1935 02:00,,https://www.europarl.europa.eu/mepphoto/705.jpg,,,,,,,https://data.europarl.europa.eu/person/705
706,Mr,Mario,Sassano,,,male,Italy,San Martino,01/10/1923 01:00,01/01/1984 01:00,https://www.europarl.europa.eu/mepphoto/706.jpg,,,,,,,https://data.europarl.europa.eu/person/706
707,Mr,Casimir J. Prinz zu,Sayn-Wittgenstein-Berleburg,,,male,Germany,Frankfurt/Main,22/01/1917 01:00,,https://www.europarl.europa.eu/mepphoto/707.jpg,,,,,,,https://data.europarl.europa.eu/person/707
708,Mr,Wolfgang,Schall,,,male,Germany,Konstanz,31/03/1916 01:00,,https://www.europarl.europa.eu/mepphoto/708.jpg,,,,,,,https://data.europarl.europa.eu/person/708
709,Mr,Hector,Rivierez,,,male,France,Cayenne (Guyane Française),19/03/1913 01:00,,https://www.europarl.europa.eu/mepphoto/709.jpg,,,,,,,https://data.europarl.europa.eu/person/709
710,Mr,Victor,Sablé,,,male,France,Fort de France (Martinique),30/11/1911 01:00,,https://www.europarl.europa.eu/mepphoto/710.jpg,,,,,,,https://data.europarl.europa.eu/person/710
711,Mr,Lucien,Radoux,,,male,Belgium,Bruxelles,18/07/1921 01:00,,https://www.europarl.europa.eu/mepphoto/711.jpg,,,,,,,https://data.europarl.europa.eu/person/711
712,Mr,Jean,Rey,,,male,Belgium,Liège,15/07/1902 01:36,,https://www.europarl.europa.eu/mepphoto/712.jpg,,,,,,,https://data.europarl.europa.eu/person/712
713,Mr,Brandon,Rhys Williams,,,male,United Kingdom,London,14/11/1927 02:00,,https://www.europarl.europa.eu/mepphoto/713.jpg,,,,,,,https://data.europarl.europa.eu/person/713
714,Mr,Giorgio,Ruffolo,,,male,Italy,Roma,14/08/1926 01:00,,https://www.europarl.europa.eu/mepphoto/714.jpg,,,,,,,https://data.europarl.europa.eu/person/714
715,Mr,Mariano,Rumor,,,male,Italy,Vicenza,16/06/1915 01:00,,https://www.europarl.europa.eu/mepphoto/715.jpg,,,,,,,https://data.europarl.europa.eu/person/715
716,Mr,Helmut Martin,Rieger,,,male,Germany,Graz (Oesterreich),16/10/1943 01:00,,https://www.europarl.europa.eu/mepphoto/716.jpg,,,,,,,https://data.europarl.europa.eu/person/716
717,Mr,Carlo,Ripa Di Meana,,,male,Italy,Pietrasanta (Lucca),15/08/1929 01:00,02/03/2018 01:00,https://www.europarl.europa.eu/mepphoto/717.jpg,,,,,,,https://data.europarl.europa.eu/person/717
718,Mr,Allan R.,Rogers,,,male,United Kingdom,Gelligaer (Glamorgan),24/10/1932 02:00,,https://www.europarl.europa.eu/mepphoto/718.jpg,,,,,,,https://data.europarl.europa.eu/person/718
719,Mr,Hector,Rolland,,,male,France,Neully-sur-Seine,25/12/1911 01:00,,https://www.europarl.europa.eu/mepphoto/719.jpg,,,,,,,https://data.europarl.europa.eu/person/719
720,Mr,Jean-François A.,Pintat,,,male,France,Bordeaux,29/07/1923 01:00,,https://www.europarl.europa.eu/mepphoto/720.jpg,,,,,,,https://data.europarl.europa.eu/person/720
721,Mr,Edgard Edouard,Pisani,,,male,France,Tunis (Tunisie),09/10/1918 01:00,,https://www.europarl.europa.eu/mepphoto/721.jpg,,,,,,,https://data.europarl.europa.eu/person/721
722,Mr,Eugène L.,Remilly,,,male,France,Ploemeur (Morbihan),11/02/1925 02:00,26/06/2017 12:00,https://www.europarl.europa.eu/mepphoto/722.jpg,,,,,,,https://data.europarl.europa.eu/person/722
723,Mr,Antonios,Georgiadis,????????,??????????,male,Greece,Agios Isidoros (Rhodes),11/05/1944 12:00,,https://www.europarl.europa.eu/mepphoto/723.jpg,,,,,,,https://data.europarl.europa.eu/person/723
724,Mr,Konstantinos,Gontikas,????????????,????????,male,Greece,Athina,27/04/1934 01:00,,https://www.europarl.europa.eu/mepphoto/724.jpg,,,,,,,https://data.europarl.europa.eu/person/724
725,Mr,Konstantinos,Nikolaou,????????????,????????,male,Greece,Athina,25/05/1933 01:00,,https://www.europarl.europa.eu/mepphoto/725.jpg,,,,,,,https://data.europarl.europa.eu/person/725
726,Mr,Mario,Pedini,,,male,Italy,Montichiari (Brescia),27/12/1918 02:00,,https://www.europarl.europa.eu/mepphoto/726.jpg,,,,,,,https://data.europarl.europa.eu/person/726
727,Mr,Albert,PÜRSTEN,,,male,Germany,Meuselwitz-Thür.,20/02/1923 02:00,10/06/1980 12:00,https://www.europarl.europa.eu/mepphoto/727.jpg,,,,,,,https://data.europarl.europa.eu/person/727
728,Mr,Ruggero,Puletti,,,male,Italy,Umbertide (Perugia),10/03/1924 02:00,04/12/2003 01:00,https://www.europarl.europa.eu/mepphoto/728.jpg,,,,,,,https://data.europarl.europa.eu/person/728
729,Mr,John,Purvis,,,male,United Kingdom,St. Andrews (Fife),06/07/1938 01:00,20/03/2022 01:00,https://www.europarl.europa.eu/mepphoto/729.jpg,,,,,,,https://data.europarl.europa.eu/person/729
730,Mr,Efstratios,Papaefstratiou,??????????,??????????????,male,Greece,Athina,12/02/1935 02:00,,https://www.europarl.europa.eu/mepphoto/730.jpg,,,,,,,https://data.europarl.europa.eu/person/730
731,Mr,Leonidas,Bournias,????????,?????????,male,Greece,Hios,09/05/1908 01:00,,https://www.europarl.europa.eu/mepphoto/731.jpg,,,,,,,https://data.europarl.europa.eu/person/731
732,Ms,Henriette,POIRIER,,,female,France,Bordeaux,26/10/1936 02:00,24/02/2010 01:00,https://www.europarl.europa.eu/mepphoto/732.jpg,,,,,,,https://data.europarl.europa.eu/person/732
733,Mr,Christian,Poncelet,,,male,France,Blaise (Ardennes),24/03/1928 02:00,,https://www.europarl.europa.eu/mepphoto/733.jpg,,,,,,,https://data.europarl.europa.eu/person/733
734,Mr,Emmanouil,Poniridis,?????????,?????????,male,Greece,Kaïro (Egyptos),11/05/1914 01:00,,https://www.europarl.europa.eu/mepphoto/734.jpg,,,,,,,https://data.europarl.europa.eu/person/734
735,Mr,Mihaïl,Protopapadakis,??????,??????????????,male,Greece,Athina,21/05/1933 01:00,,https://www.europarl.europa.eu/mepphoto/735.jpg,,,,,,,https://data.europarl.europa.eu/person/735
736,Mr,René A.L.,Paulhan,,,male,France,Massiac (Cantal),10/05/1921 01:00,,https://www.europarl.europa.eu/mepphoto/736.jpg,,,,,,,https://data.europarl.europa.eu/person/736
737,Mr,Anastassios,Peponis,???????????,???????,male,Greece,Athina,01/01/1924 02:00,,https://www.europarl.europa.eu/mepphoto/737.jpg,,,,,,,https://data.europarl.europa.eu/person/737
738,Mr,Daniel,Percheron,,,male,France,Beauvais (Oise),31/08/1942 12:00,,https://www.europarl.europa.eu/mepphoto/738.jpg,,,,,,,https://data.europarl.europa.eu/person/738
739,Mr,Eggert,Petersen,,,male,Denmark,Bovrup,26/05/1927 01:00,,https://www.europarl.europa.eu/mepphoto/739.jpg,,,,,,,https://data.europarl.europa.eu/person/739
740,Mr,Flaminio,Piccoli,,,male,Italy,Kirchbichl (Austria),28/12/1915 01:00,,https://www.europarl.europa.eu/mepphoto/740.jpg,,,,,,,https://data.europarl.europa.eu/person/740
741,Ms,Maria Antonietta,Macciocchi,,,female,Italy,Isola Liri (Frosinone),23/07/1922 01:00,15/04/2007 12:00,https://www.europarl.europa.eu/mepphoto/741.jpg,,,,,,,https://data.europarl.europa.eu/person/741
742,Ms,Louise,Moreau,,,female,France,Grenoble (Isère),29/01/1921 02:00,,https://www.europarl.europa.eu/mepphoto/742.jpg,,,,,,,https://data.europarl.europa.eu/person/742
743,Ms,Jacqueline,Nebout,,,female,France,Nancy,12/10/1928 02:00,,https://www.europarl.europa.eu/mepphoto/743.jpg,,,,,,,https://data.europarl.europa.eu/person/743
744,Ms,Kalliopi,Nikolaou,????????,????????,female,Greece,Assos (Korinthias),26/04/1937 01:00,,https://www.europarl.europa.eu/mepphoto/744.jpg,,,,,,,https://data.europarl.europa.eu/person/744
745,Mr,Séamus,Pattison,,,male,Ireland,Kilkenny,01/04/1936 02:00,04/02/2018 01:00,https://www.europarl.europa.eu/mepphoto/745.jpg,,,,,,,https://data.europarl.europa.eu/person/745
746,Mr,Aristidis,Ouzounidis,??????????,??????????,male,Greece,Knidi Grevenon,21/10/1938 02:00,,https://www.europarl.europa.eu/mepphoto/746.jpg,,,,,,,https://data.europarl.europa.eu/person/746
747,Mr,Apostolos,Papageorgiou,?????????,????????????,male,Greece,Patra,17/12/1906 01:00,09/09/1982 12:00,https://www.europarl.europa.eu/mepphoto/747.jpg,,,,,,,https://data.europarl.europa.eu/person/747
748,Mr,Ioannis,Papantoniou,???????,???????????,male,Greece,Paris,27/07/1949 01:00,,https://www.europarl.europa.eu/mepphoto/748.jpg,,,,,,,https://data.europarl.europa.eu/person/748
750,Mr,John,O'CONNELL,,,male,Ireland,Dublin,20/01/1930 02:00,08/03/2013 01:00,https://www.europarl.europa.eu/mepphoto/750.jpg,,,,,,,https://data.europarl.europa.eu/person/750
751,Mr,Jean A.,Oehler,,,male,France,Krautergersheim (Bas-Rhin),30/03/1937 02:00,,https://www.europarl.europa.eu/mepphoto/751.jpg,,,,,,,https://data.europarl.europa.eu/person/751
752,Mr,Michael,O'Leary,,,male,Ireland,Cork/Dublin,08/05/1936 01:00,,https://www.europarl.europa.eu/mepphoto/752.jpg,,,,,,,https://data.europarl.europa.eu/person/752
753,Mr,Kjeld,Olesen,,,male,Denmark,København,08/07/1932 01:00,,https://www.europarl.europa.eu/mepphoto/753.jpg,,,,,,,https://data.europarl.europa.eu/person/753
754,Mr,Flor,O'Mahony,,,male,Ireland,Dublin,06/01/1946 01:00,,https://www.europarl.europa.eu/mepphoto/754.jpg,,,,,,,https://data.europarl.europa.eu/person/754
755,Mr,Flavio,Orlandi,,,male,Italy,Canino (Viterbo),12/04/1921 01:00,08/01/2009 01:00,https://www.europarl.europa.eu/mepphoto/755.jpg,,,,,,,https://data.europarl.europa.eu/person/755
756,Mr,Harry A.C.M.,Notenboom,,,male,Netherlands,Roosendaal,31/08/1926 01:00,,https://www.europarl.europa.eu/mepphoto/756.jpg,,,,,,,https://data.europarl.europa.eu/person/756
757,Mr,Kai,Nyborg,,,male,Denmark,Sønderborg,06/04/1922 01:00,,https://www.europarl.europa.eu/mepphoto/757.jpg,,,,,,,https://data.europarl.europa.eu/person/757
758,Mr,Charles-Ferdinand,Nothomb,,,male,Belgium,Bruxelles,03/05/1936 01:00,,https://www.europarl.europa.eu/mepphoto/758.jpg,,,,,,,https://data.europarl.europa.eu/person/758
759,Mr,Ernst,Müller-Hermann,,,male,Germany,Königsberg (Preussen),30/09/1915 01:00,,https://www.europarl.europa.eu/mepphoto/759.jpg,,,,,,,https://data.europarl.europa.eu/person/759
760,Mr,Angelo,Narducci,,,male,Italy,L'Aquila,17/08/1930 01:00,10/05/1984 12:00,https://www.europarl.europa.eu/mepphoto/760.jpg,,,,,,,https://data.europarl.europa.eu/person/760
761,Mr,David Lancaster,Nicolson,,,male,United Kingdom,London,20/09/1922 01:00,,https://www.europarl.europa.eu/mepphoto/761.jpg,,,,,,,https://data.europarl.europa.eu/person/761
762,Mr,Franz-Josef,Nordlohne,,,male,Germany,Lohne (Oldb.),18/03/1939 02:00,29/01/1981 01:00,https://www.europarl.europa.eu/mepphoto/762.jpg,,,,,,,https://data.europarl.europa.eu/person/762
763,Mr,Joseph A.,Mommersteeg,,,male,Netherlands,'s-Hertogenbosch,06/03/1917 01:00,,https://www.europarl.europa.eu/mepphoto/763.jpg,,,,,,,https://data.europarl.europa.eu/person/763
764,Mr,Jacques P.,Moreau,,,male,France,Saint Estèphe (Gironde),25/08/1933 01:00,24/01/2017 01:00,https://www.europarl.europa.eu/mepphoto/764.jpg,,,,,,,https://data.europarl.europa.eu/person/764
765,Mr,Robert J.,Moreland,,,male,United Kingdom,Gloucester,21/08/1941 12:00,,https://www.europarl.europa.eu/mepphoto/765.jpg,,,,,,,https://data.europarl.europa.eu/person/765
767,Mr,Victor J.J.,Michel,,,male,Belgium,Limbourg (Dolhain),20/09/1915 01:00,05/11/1982 01:00,https://www.europarl.europa.eu/mepphoto/767.jpg,,,,,,,https://data.europarl.europa.eu/person/767
768,Mr,Johan,van Minnen,,,male,Netherlands,Noordwolde,31/10/1932 02:00,,https://www.europarl.europa.eu/mepphoto/768.jpg,,,,,,,https://data.europarl.europa.eu/person/768
769,Mr,Marcello,Modiano,,,male,Italy,Salonicco (Grecia),07/04/1914 01:00,22/09/1993 12:00,https://www.europarl.europa.eu/mepphoto/769.jpg,,,,,,,https://data.europarl.europa.eu/person/769
770,Mr,Maurice,Martin,,,male,France,Limoges (Haute Vienne),04/04/1927 02:00,15/08/2004 12:00,https://www.europarl.europa.eu/mepphoto/770.jpg,,,,,,,https://data.europarl.europa.eu/person/770
771,Mr,Gilles,Martinet,,,male,France,Paris,08/08/1916 12:00,,https://www.europarl.europa.eu/mepphoto/771.jpg,,,,,,,https://data.europarl.europa.eu/person/771
772,Mr,Pierre,Mauroy,,,male,France,Cartignies (Nord),05/07/1928 01:00,,https://www.europarl.europa.eu/mepphoto/772.jpg,,,,,,,https://data.europarl.europa.eu/person/772
774,Mr,Jean A.E.E.,Meo,,,male,France,Vosne-Romanée,24/04/1927 01:00,,https://www.europarl.europa.eu/mepphoto/774.jpg,,,,,,,https://data.europarl.europa.eu/person/774
775,Mr,Pierre,Messmer,,,male,France,Vincennes,20/03/1906 01:00,,https://www.europarl.europa.eu/mepphoto/775.jpg,,,,,,,https://data.europarl.europa.eu/person/775
776,Mr,Luigi,Macario,,,male,Italy,Andezeno (Torino),06/09/1920 01:00,30/04/1994 12:00,https://www.europarl.europa.eu/mepphoto/776.jpg,,,,,,,https://data.europarl.europa.eu/person/776
777,Mr,Ernst,Majonica,,,male,Germany,Soest,29/10/1920 02:00,,https://www.europarl.europa.eu/mepphoto/777.jpg,,,,,,,https://data.europarl.europa.eu/person/777
778,Mr,Roland,Marchesin,,,male,France,Audun-le-Tiche,12/07/1939 01:00,,https://www.europarl.europa.eu/mepphoto/778.jpg,,,,,,,https://data.europarl.europa.eu/person/778
779,Mr,Christos,Markopoulos,???????,???????????,male,Greece,Athina,01/01/1925 02:00,,https://www.europarl.europa.eu/mepphoto/779.jpg,,,,,,,https://data.europarl.europa.eu/person/779
780,Mr,Spyridon,Markozanis,????????,??????????,male,Greece,Pireas,01/01/1931 02:00,,https://www.europarl.europa.eu/mepphoto/780.jpg,,,,,,,https://data.europarl.europa.eu/person/780
781,Mr,René,Mart,,,male,Luxembourg,Esch-sur-Alzette,10/11/1925 02:00,02/08/1990 12:00,https://www.europarl.europa.eu/mepphoto/781.jpg,,,,,,,https://data.europarl.europa.eu/person/781
782,Mr,Hans August,Lücker,,,male,Germany,Krümmel (Hessen),21/02/1915 01:00,,https://www.europarl.europa.eu/mepphoto/782.jpg,,,,,,,https://data.europarl.europa.eu/person/782
783,Ms,Elaine,KELLETT-BOWMAN,,,female,United Kingdom,St. Anne's (Lancashire),08/07/1923 01:00,04/03/2014 01:00,https://www.europarl.europa.eu/mepphoto/783.jpg,,,,,,,https://data.europarl.europa.eu/person/783
784,Ms,J. (Annie) B.,KROUWEL-VLAM,,,female,Netherlands,Hengelo,29/06/1928 01:00,05/09/2013 12:00,https://www.europarl.europa.eu/mepphoto/784.jpg,,,,,,,https://data.europarl.europa.eu/person/784
785,Ms,Leonilde,Iotti,,,female,Italy,Reggio Emilia,10/04/1920 01:00,,https://www.europarl.europa.eu/mepphoto/785.jpg,,,,,,,https://data.europarl.europa.eu/person/785
786,Mr,Jean-Noël,de Lipkowski,,,male,France,Paris,25/12/1920 02:00,,https://www.europarl.europa.eu/mepphoto/786.jpg,,,,,,,https://data.europarl.europa.eu/person/786
787,Ms,Luise,Herklotz,,,female,Germany,Speyer,20/08/1918 12:00,,https://www.europarl.europa.eu/mepphoto/787.jpg,,,,,,,https://data.europarl.europa.eu/person/787
788,Ms,Gloria D.,Hooper,,,female,United Kingdom,Southampton,25/05/1939 01:00,,https://www.europarl.europa.eu/mepphoto/788.jpg,,,,,,,https://data.europarl.europa.eu/person/788
789,Mr,Erwin,Lange,,,male,Germany,Essen,10/05/1914 01:00,,https://www.europarl.europa.eu/mepphoto/789.jpg,,,,,,,https://data.europarl.europa.eu/person/789
790,Mr,Erdmann,Linde,,,male,Germany,Dresden,22/02/1943 01:00,,https://www.europarl.europa.eu/mepphoto/790.jpg,,,,,,,https://data.europarl.europa.eu/person/790
791,Mr,Eugen,Loderer,,,male,Germany,Heidenheim an der Brenz,28/05/1920 01:00,,https://www.europarl.europa.eu/mepphoto/791.jpg,,,,,,,https://data.europarl.europa.eu/person/791
792,Mr,Silvio,Lega,,,male,Italy,Leini (Torino),04/02/1945 01:00,24/04/2021 12:00,https://www.europarl.europa.eu/mepphoto/792.jpg,,,,,,,https://data.europarl.europa.eu/person/792
793,Mr,Konstantinos,Loules,????????????,??????,male,Greece,Tyrnavos,18/04/1906 01:00,,https://www.europarl.europa.eu/mepphoto/793.jpg,,,,,,,https://data.europarl.europa.eu/person/793
794,Mr,Claude L.L.P.,Labbé,,,male,France,Argenteuil Val d'Oise,27/01/1926 02:00,,https://www.europarl.europa.eu/mepphoto/794.jpg,,,,,,,https://data.europarl.europa.eu/person/794
795,Mr,Heinz,Kühn,,,male,Germany,Köln,18/02/1912 01:00,,https://www.europarl.europa.eu/mepphoto/795.jpg,,,,,,,https://data.europarl.europa.eu/person/795
796,Mr,Liam,Kavanagh,,,male,Ireland,Wicklow,09/02/1935 02:00,13/12/2021 01:00,https://www.europarl.europa.eu/mepphoto/796.jpg,,,,,,,https://data.europarl.europa.eu/person/796
797,Mr,Justin,Keating,,,male,Ireland,Dublin,02/01/1930 02:00,,https://www.europarl.europa.eu/mepphoto/797.jpg,,,,,,,https://data.europarl.europa.eu/person/797
798,Mr,Pierre,Lalumière,,,male,France,Caudéran,07/09/1930 01:00,21/01/1996 01:00,https://www.europarl.europa.eu/mepphoto/798.jpg,,,,,,,https://data.europarl.europa.eu/person/798
799,Mr,Jean A.F.,Lecanuet,,,male,France,Rouen,04/03/1920 01:00,,https://www.europarl.europa.eu/mepphoto/799.jpg,,,,,,,https://data.europarl.europa.eu/person/799
800,Mr,Filotas,Kazazis,???????,???????,male,Greece,Thessaloniki,01/01/1918 01:00,,https://www.europarl.europa.eu/mepphoto/800.jpg,,,,,,,https://data.europarl.europa.eu/person/800
801,Mr,Brian M.,KEY,,,male,United Kingdom,Darfield (Barnley),20/09/1947 01:00,20/01/2016 01:00,https://www.europarl.europa.eu/mepphoto/801.jpg,,,,,,,https://data.europarl.europa.eu/person/801
802,Mr,Kent S.,Kirk,,,male,Denmark,Esbjerg,26/08/1948 01:00,,https://www.europarl.europa.eu/mepphoto/802.jpg,,,,,,,https://data.europarl.europa.eu/person/802
804,Mr,Konstantinos,Kallias,????????????,???????,male,Greece,Chalkis,26/06/1901 01:36,,https://www.europarl.europa.eu/mepphoto/804.jpg,,,,,,,https://data.europarl.europa.eu/person/804
805,Mr,Konstantinos,Kaloyannis,????????????,???????????,male,Greece,Karditsa,02/02/1918 01:00,,https://www.europarl.europa.eu/mepphoto/805.jpg,,,,,,,https://data.europarl.europa.eu/person/805
806,Mr,Konstantinos,Kappos,????????????,??????,male,Greece,Kefalovriso Argolidas,01/01/1937 02:00,,https://www.europarl.europa.eu/mepphoto/806.jpg,,,,,,,https://data.europarl.europa.eu/person/806
807,Mr,Ioannis,Katsafados,????????,??????????,male,Greece,Pireas,09/05/1935 01:00,,https://www.europarl.europa.eu/mepphoto/807.jpg,,,,,,,https://data.europarl.europa.eu/person/807
808,Mr,Hans,Katzer,,,male,Germany,Köln,31/01/1919 02:00,,https://www.europarl.europa.eu/mepphoto/808.jpg,,,,,,,https://data.europarl.europa.eu/person/808
809,Mr,Heinrich,Jürgens,,,male,Germany,Oeftinghausen,28/07/1924 01:00,,https://www.europarl.europa.eu/mepphoto/809.jpg,,,,,,,https://data.europarl.europa.eu/person/809
810,Mr,Gérard,JAQUET,,,male,France,Malakoff (Hauts-de Seine),12/01/1916 01:00,15/04/2013 12:00,https://www.europarl.europa.eu/mepphoto/810.jpg,,,,,,,https://data.europarl.europa.eu/person/810
811,Mr,Stanley P.,Johnson,,,male,United Kingdom,Penzance,18/08/1940 12:00,,https://www.europarl.europa.eu/mepphoto/811.jpg,,,,,,,https://data.europarl.europa.eu/person/811
812,Mr,Sjouke,Jonker,,,male,Netherlands,'s-Gravenhage,09/09/1924 01:00,,https://www.europarl.europa.eu/mepphoto/812.jpg,,,,,,,https://data.europarl.europa.eu/person/812
813,Mr,Charles,Josselin,,,male,France,Trigavou (Côtes-du-Nord),31/03/1938 01:00,,https://www.europarl.europa.eu/mepphoto/813.jpg,,,,,,,https://data.europarl.europa.eu/person/813
814,Mr,Michel,Junot,,,male,France,Paris,29/09/1916 12:00,,https://www.europarl.europa.eu/mepphoto/814.jpg,,,,,,,https://data.europarl.europa.eu/person/814
815,Mr,Jaak P.J.,Henckens,,,male,Belgium,Saint-Truiden,22/07/1933 01:00,07/09/1981 12:00,https://www.europarl.europa.eu/mepphoto/815.jpg,,,,,,,https://data.europarl.europa.eu/person/815
816,Mr,Ulrich,Irmer,,,male,Germany,Bochum,19/01/1939 02:00,,https://www.europarl.europa.eu/mepphoto/816.jpg,,,,,,,https://data.europarl.europa.eu/person/816
817,Mr,Gérard,Israel,,,male,France,Oran (Algérie),24/11/1928 02:00,07/11/2018 01:00,https://www.europarl.europa.eu/mepphoto/817.jpg,,,,,,,https://data.europarl.europa.eu/person/817
818,Mr,Robert Victor,Jackson,,,male,United Kingdom,Johannesburg (South Africa),24/09/1946 12:00,,https://www.europarl.europa.eu/mepphoto/818.jpg,,,,,,,https://data.europarl.europa.eu/person/818
819,Mr,Frédéric,Jalton,,,male,France,Abymes (Guadeloupe),21/02/1924 02:00,,https://www.europarl.europa.eu/mepphoto/819.jpg,,,,,,,https://data.europarl.europa.eu/person/819
820,Ms,Françoise,Gaspard,,,female,France,Dreux,06/07/1945 12:00,,https://www.europarl.europa.eu/mepphoto/820.jpg,,,,,,,https://data.europarl.europa.eu/person/820
821,Ms,Mette,Groes,,,female,Denmark,København,09/06/1937 01:00,,https://www.europarl.europa.eu/mepphoto/821.jpg,,,,,,,https://data.europarl.europa.eu/person/821
822,Mr,William J.,Hopper,,,male,United Kingdom,Glasgow,09/08/1929 01:00,,https://www.europarl.europa.eu/mepphoto/822.jpg,,,,,,,https://data.europarl.europa.eu/person/822
823,Mr,Brian H.,Hord,,,male,United Kingdom,Hampstead (London),20/06/1934 01:00,,https://www.europarl.europa.eu/mepphoto/823.jpg,,,,,,,https://data.europarl.europa.eu/person/823
824,Mr,John,Horgan,,,male,Ireland,Tralee (Co. Kerry),26/10/1940 12:00,,https://www.europarl.europa.eu/mepphoto/824.jpg,,,,,,,https://data.europarl.europa.eu/person/824
825,Mr,Hermann,Heinemann,,,male,Germany,Dortmund,24/06/1928 01:00,,https://www.europarl.europa.eu/mepphoto/825.jpg,,,,,,,https://data.europarl.europa.eu/person/825
826,Mr,Wilhelm,Helms,,,male,Germany,Bissenhausen,19/12/1923 02:00,,https://www.europarl.europa.eu/mepphoto/826.jpg,,,,,,,https://data.europarl.europa.eu/person/826
827,Ms,Norvela,Forster,,,female,United Kingdom,Gillingham (Kent),25/07/1931 01:00,,https://www.europarl.europa.eu/mepphoto/827.jpg,,,,,,,https://data.europarl.europa.eu/person/827
828,Ms,Marie-Madeleine,Fourcade,,,female,France,Marseille,08/11/1909 01:00,,https://www.europarl.europa.eu/mepphoto/828.jpg,,,,,,,https://data.europarl.europa.eu/person/828
829,Ms,Paola,Gaiotti De Biase,,,female,Italy,Napoli,26/08/1927 01:00,13/07/2022 12:00,https://www.europarl.europa.eu/mepphoto/829.jpg,,,,,,,https://data.europarl.europa.eu/person/829
830,Mr,Ioannis,Haralampopoulos,????????,???????????????,male,Greece,Psari (Trifylia),01/01/1919 02:00,,https://www.europarl.europa.eu/mepphoto/830.jpg,,,,,,,https://data.europarl.europa.eu/person/830
831,Mr,The Lord,Harmar-Nicholls,,,male,United Kingdom,Darlaston (West Midlands),01/11/1912 01:00,,https://www.europarl.europa.eu/mepphoto/831.jpg,,,,,,,https://data.europarl.europa.eu/person/831
832,Mr,David A.,Harris,,,male,United Kingdom,Exeter (Devon),01/11/1937 02:00,,https://www.europarl.europa.eu/mepphoto/832.jpg,,,,,,,https://data.europarl.europa.eu/person/832
833,Mr,Kai Uwe von,Hassel,,,male,Germany,Gare (Tanzania),21/04/1913 01:00,,https://www.europarl.europa.eu/mepphoto/833.jpg,,,,,,,https://data.europarl.europa.eu/person/833
834,Mr,Karl W.H.,Hauenschild,,,male,Germany,Hannover,03/08/1920 01:00,,https://www.europarl.europa.eu/mepphoto/834.jpg,,,,,,,https://data.europarl.europa.eu/person/834
835,Mr,Frans G.,van der Gun,,,male,Netherlands,Hagestein (Z.H.),24/11/1918 01:00,,https://www.europarl.europa.eu/mepphoto/835.jpg,,,,,,,https://data.europarl.europa.eu/person/835
836,Mr,Niels Jørgen,Haagerup,,,male,Denmark,Nr. Åby,21/10/1925 02:00,,https://www.europarl.europa.eu/mepphoto/836.jpg,,,,,,,https://data.europarl.europa.eu/person/836
837,Mr,Brendan,Halligan,,,male,Ireland,Dublin,05/07/1938 01:00,,https://www.europarl.europa.eu/mepphoto/837.jpg,,,,,,,https://data.europarl.europa.eu/person/837
838,Mr,Jean,Hamilius,,,male,Luxembourg,Luxembourg,05/02/1927 02:00,,https://www.europarl.europa.eu/mepphoto/838.jpg,,,,,,,https://data.europarl.europa.eu/person/838
839,Mr,Aart,Geurtsen,,,male,Netherlands,Schiedam,17/01/1926 02:00,,https://www.europarl.europa.eu/mepphoto/839.jpg,,,,,,,https://data.europarl.europa.eu/person/839
840,Mr,Charles,Goerens,,,male,Luxembourg,Ettelbruck,06/02/1952 01:00,,https://www.europarl.europa.eu/mepphoto/840.jpg,mailto:charles.goerens@europarl.europa.eu,https://charlesgoerens.eu/,https://twitter.com/CharlesGoerens,https://www.facebook.com/charles.goerens,,https://www.instagram.com/cgoerens/?hl=fr,https://data.europarl.europa.eu/person/840
841,Mr,Guido,Gonella,,,male,Italy,Verona,18/09/1905 01:00,,https://www.europarl.europa.eu/mepphoto/841.jpg,,,,,,,https://data.europarl.europa.eu/person/841
842,Mr,Alfons,Goppel,,,male,Germany,Regensburg,01/10/1905 01:00,,https://www.europarl.europa.eu/mepphoto/842.jpg,,,,,,,https://data.europarl.europa.eu/person/842
843,Mr,Anselmo,GOUTHIER,,,male,Italy,Roreto Chisone (Torino),17/06/1933 01:00,01/11/2015 01:00,https://www.europarl.europa.eu/mepphoto/843.jpg,,,,,,,https://data.europarl.europa.eu/person/843
844,Mr,François-Marie,Geronimi,,,male,France,Morasaglia (Corse),20/03/1911 01:00,26/02/2004 01:00,https://www.europarl.europa.eu/mepphoto/844.jpg,,,,,,,https://data.europarl.europa.eu/person/844
845,Mr,Alberto,Ghergo,,,male,Italy,Roma,23/02/1915 01:00,01/10/1986 01:00,https://www.europarl.europa.eu/mepphoto/845.jpg,,,,,,,https://data.europarl.europa.eu/person/845
846,Mr,Alain Y.M.,Gillot,,,male,France,Fougères,21/03/1927 02:00,,https://www.europarl.europa.eu/mepphoto/846.jpg,,,,,,,https://data.europarl.europa.eu/person/846
847,Mr,Ilias,Glykofridis,??????,???????????,male,Greece,Athina,20/02/1912 01:00,20/10/1982 01:00,https://www.europarl.europa.eu/mepphoto/847.jpg,,,,,,,https://data.europarl.europa.eu/person/847
848,Mr,Arie,de Goede,,,male,Netherlands,Vlaardingen,21/05/1928 01:00,,https://www.europarl.europa.eu/mepphoto/848.jpg,,,,,,,https://data.europarl.europa.eu/person/848
849,Mr,Michael,Gallagher,,,male,United Kingdom,Seaham Harbour (Co. Durham),01/07/1934 01:00,,https://www.europarl.europa.eu/mepphoto/849.jpg,,,,,,,https://data.europarl.europa.eu/person/849
850,Mr,Vincenzo,Gatto,,,male,Italy,Messina,01/05/1922 01:00,11/10/2005 12:00,https://www.europarl.europa.eu/mepphoto/850.jpg,,,,,,,https://data.europarl.europa.eu/person/850
,Not found,,,,,,,,,,,,,,,,,
852,Mr,Achillefs,Gerokostopoulos,????????,???????????????,male,Greece,Patra,21/09/1909 01:00,,https://www.europarl.europa.eu/mepphoto/852.jpg,,,,,,,https://data.europarl.europa.eu/person/852
,Not found,,,,,,,,,,,,,,,,,
854,Mr,Raymond,Forni,,,male,France,Belfort,20/05/1941 12:00,,https://www.europarl.europa.eu/mepphoto/854.jpg,,,,,,,https://data.europarl.europa.eu/person/854
,Not found,,,,,,,,,,,,,,,,,
856,Mr,Volkmar,Gabert,,,male,Germany,Dreihunken,11/03/1923 02:00,,https://www.europarl.europa.eu/mepphoto/856.jpg,,,,,,,https://data.europarl.europa.eu/person/856
,Not found,,,,,,,,,,,,,,,,,
,Not found,,,,,,,,,,,,,,,,,
859,Mr,Renzo Eligio,Filippi,,,male,Italy,Portogruaro (Venezia),18/09/1935 01:00,03/06/2001 12:00,https://www.europarl.europa.eu/mepphoto/859.jpg,,,,,,,https://data.europarl.europa.eu/person/859
,Not found,,,,,,,,,,,,,,,,,
861,Mr,Eric,Forth,,,male,United Kingdom,Glasgow,09/09/1944 12:00,,https://www.europarl.europa.eu/mepphoto/861.jpg,,,,,,,https://data.europarl.europa.eu/person/861
862,Mr,Assimakis,Fotilas,?????????,???????,male,Greece,Patra,01/01/1932 02:00,,https://www.europarl.europa.eu/mepphoto/862.jpg,,,,,,,https://data.europarl.europa.eu/person/862
863,Ms,Sile,De Valera,,,female,Ireland,Dublin,17/12/1954 01:00,,https://www.europarl.europa.eu/mepphoto/863.jpg,,,,,,,https://data.europarl.europa.eu/person/863
864,Ms,Marie-Madeleine,Dienesch,,,female,France,Caire (Egypte),03/04/1914 01:00,,https://www.europarl.europa.eu/mepphoto/864.jpg,,,,,,,https://data.europarl.europa.eu/person/864
865,Ms,Paule,Duport,,,female,France,Trémolat (Dordogne),13/09/1927 01:00,29/12/2017 01:00,https://www.europarl.europa.eu/mepphoto/865.jpg,,,,,,,https://data.europarl.europa.eu/person/865
866,Mr,Guy,Fernandez,,,male,France,St. Etienne,29/10/1942 12:00,11/09/1989 12:00,https://www.europarl.europa.eu/mepphoto/866.jpg,,,,,,,https://data.europarl.europa.eu/person/866
867,Mr,Mauro,FERRI,,,male,Italy,Roma,14/03/1920 01:00,29/09/2015 12:00,https://www.europarl.europa.eu/mepphoto/867.jpg,,,,,,,https://data.europarl.europa.eu/person/867
868,Mr,Edgar,Faure,,,male,France,Béziers,18/08/1908 01:00,,https://www.europarl.europa.eu/mepphoto/868.jpg,,,,,,,https://data.europarl.europa.eu/person/868
869,Mr,Adam,Fergusson,,,male,United Kingdom,Haddington (Scotland),10/07/1932 01:00,,https://www.europarl.europa.eu/mepphoto/869.jpg,,,,,,,https://data.europarl.europa.eu/person/869
870,Ms,Edith,Cresson,,,female,France,Boulogne (Seine),27/01/1934 02:00,,https://www.europarl.europa.eu/mepphoto/870.jpg,,,,,,,https://data.europarl.europa.eu/person/870
871,Ms,Suzanne,Dekker,,,female,Netherlands,Amsterdam,31/10/1949 01:00,,https://www.europarl.europa.eu/mepphoto/871.jpg,,,,,,,https://data.europarl.europa.eu/person/871
,Not found,,,,,,,,,,,,,,,,,
,Not found,,,,,,,,,,,,,,,,,
,Not found,,,,,,,,,,,,,,,,,
875,Mr,Derek A.,Enright,,,male,United Kingdom,Thornaby on Tees (Yorkshi,02/08/1935 01:00,,https://www.europarl.europa.eu/mepphoto/875.jpg,,,,,,,https://data.europarl.europa.eu/person/875
876,Mr,Claude,Estier,,,male,France,Paris,25/06/1908 01:00,,https://www.europarl.europa.eu/mepphoto/876.jpg,,,,,,,https://data.europarl.europa.eu/person/876
,Not found,,,,,,,,,,,,,,,,,
878,Mr,Pierre M.L.L.C.,Deschamps,,,male,Belgium,Schaerbeek,05/05/1921 01:00,,https://www.europarl.europa.eu/mepphoto/878.jpg,,,,,,,https://data.europarl.europa.eu/person/878
879,Mr,Alfredo,Diana,,,male,Italy,Roma,02/06/1930 01:00,,https://www.europarl.europa.eu/mepphoto/879.jpg,,,,,,,https://data.europarl.europa.eu/person/879
880,Mr,André F.E.,Diligent,,,male,France,Roubaix,10/05/1919 01:00,,https://www.europarl.europa.eu/mepphoto/880.jpg,,,,,,,https://data.europarl.europa.eu/person/880
881,Mr,Ioannis,Dimopoulos,????????,??????????,male,Greece,Vrontou (Pieria),01/01/1935 02:00,,https://www.europarl.europa.eu/mepphoto/881.jpg,,,,,,,https://data.europarl.europa.eu/person/881
,Not found,,,,,,,,,,,,,,,,,
883,Mr,Fernand L.,Delmotte,,,male,Belgium,Jeumont (France),24/07/1920 01:00,,https://www.europarl.europa.eu/mepphoto/883.jpg,,,,,,,https://data.europarl.europa.eu/person/883
884,Mr,Gustave,Deleau,,,male,France,Bruay en Artois (P.-de.-C.),18/09/1909 01:00,10/01/1999 01:00,https://www.europarl.europa.eu/mepphoto/884.jpg,,,,,,,https://data.europarl.europa.eu/person/884
,Not found,,,,,,,,,,,,,,,,,
886,Mr,Xavier,Deniau,,,male,France,Paris,24/09/1923 01:00,,https://www.europarl.europa.eu/mepphoto/886.jpg,,,,,,,https://data.europarl.europa.eu/person/886
887,Mr,Jacques,Denis,,,male,France,Metz,25/05/1922 01:00,14/09/2008 12:00,https://www.europarl.europa.eu/mepphoto/887.jpg,,,,,,,https://data.europarl.europa.eu/person/887
888,Mr,Michel J.-P.,Debré,,,male,France,Paris,15/01/1912 01:00,,https://www.europarl.europa.eu/mepphoto/888.jpg,,,,,,,https://data.europarl.europa.eu/person/888
889,Mr,Paul Ph. M.H.,De Keersmaeker,,,male,Belgium,Kobbegem,14/07/1929 01:00,,https://www.europarl.europa.eu/mepphoto/889.jpg,,,,,,,https://data.europarl.europa.eu/person/889
,Not found,,,,,,,,,,,,,,,,,
891,Mr,Francescopaolo,D'Angelosante,,,male,Italy,Penne (Pescara),17/09/1922 01:00,15/04/1997 12:00,https://www.europarl.europa.eu/mepphoto/891.jpg,,,,,,,https://data.europarl.europa.eu/person/891
892,Mr,Noel Michael,Davern,,,male,Ireland,Tipperary,24/12/1945 01:00,,https://www.europarl.europa.eu/mepphoto/892.jpg,,,,,,,https://data.europarl.europa.eu/person/892
893,Mr,Antonio,Del Duca,,,male,Italy,Casacanditella (Chieti),04/07/1926 01:00,09/02/2021 01:00,https://www.europarl.europa.eu/mepphoto/893.jpg,,,,,,,https://data.europarl.europa.eu/person/893
,Not found,,,,,,,,,,,,,,,,,
895,Mr,Ian M.,Dalziel,,,male,United Kingdom,Edinburgh,21/06/1947 01:00,,https://www.europarl.europa.eu/mepphoto/895.jpg,,,,,,,https://data.europarl.europa.eu/person/895
896,Mr,Félix,Damette,,,male,France,Auchel,02/06/1936 01:00,,https://www.europarl.europa.eu/mepphoto/896.jpg,,,,,,,https://data.europarl.europa.eu/person/896
897,Mr,Pierre-Bernard,Cousté,,,male,France,Rochefort-sur-Mer,29/06/1920 01:00,,https://www.europarl.europa.eu/mepphoto/897.jpg,,,,,,,https://data.europarl.europa.eu/person/897
,Not found,,,,,,,,,,,,,,,,,
,Not found,,,,,,,,,,,,,,,,,
900,Ms,Tullia,CARETTONI ROMAGNOLI,,,female,Italy,Verona,29/12/1918 02:00,24/11/2015 01:00,https://www.europarl.europa.eu/mepphoto/900.jpg,,,,,,,https://data.europarl.europa.eu/person/900
901,Ms,Ann,Clwyd,,,female,United Kingdom,Denbigh (North Wales),21/03/1937 02:00,,https://www.europarl.europa.eu/mepphoto/901.jpg,,,,,,,https://data.europarl.europa.eu/person/901
902,Mr,Francis,Combe,,,male,France,Gonesse,14/05/1926 01:00,15/04/1982 12:00,https://www.europarl.europa.eu/mepphoto/902.jpg,,,,,,,https://data.europarl.europa.eu/person/902
903,Mr,Maurits P.-A.,Coppieters,,,male,Belgium,St. Niklaas,14/05/1920 01:00,,https://www.europarl.europa.eu/mepphoto/903.jpg,,,,,,,https://data.europarl.europa.eu/person/903
904,Mr,Francesco,Cosentino,,,male,Italy,Palermo,22/07/1922 01:00,,https://www.europarl.europa.eu/mepphoto/904.jpg,,,,,,,https://data.europarl.europa.eu/person/904
905,Mr,Francisque,Collomb,,,male,France,Rambert en Bugey (Ain),19/12/1910 01:00,,https://www.europarl.europa.eu/mepphoto/905.jpg,,,,,,,https://data.europarl.europa.eu/person/905
906,Ms,Maria Fabrizia,Baduel Glorioso,,,female,Italy,Perugia,02/07/1927 01:00,08/04/2017 12:00,https://www.europarl.europa.eu/mepphoto/906.jpg,,,,,,,https://data.europarl.europa.eu/person/906
907,Mr,Gaetano,Cingari,,,male,Italy,Reggio Calabria,14/11/1926 02:00,09/05/1994 12:00,https://www.europarl.europa.eu/mepphoto/907.jpg,,,,,,,https://data.europarl.europa.eu/person/907
908,Mr,Jean-José,Clement,,,male,France,Le François (Martinique),06/08/1932 01:00,,https://www.europarl.europa.eu/mepphoto/908.jpg,,,,,,,https://data.europarl.europa.eu/person/908
909,Mr,Frank,Cluskey,,,male,Ireland,Dublin,09/04/1930 02:00,,https://www.europarl.europa.eu/mepphoto/909.jpg,,,,,,,https://data.europarl.europa.eu/person/909
910,Mr,Marcel G.B.,Colla,,,male,Belgium,Deurne,28/09/1943 12:00,,https://www.europarl.europa.eu/mepphoto/910.jpg,,,,,,,https://data.europarl.europa.eu/person/910
911,Mr,Arnaldo,Colleselli,,,male,Italy,Colle Santa Lucia (Bellun,02/09/1918 12:00,27/12/1988 01:00,https://www.europarl.europa.eu/mepphoto/911.jpg,,,,,,,https://data.europarl.europa.eu/person/911
912,Mr,Mario,Capanna,,,male,Italy,Città di Castello (Perugia),10/01/1945 01:00,,https://www.europarl.europa.eu/mepphoto/912.jpg,,,,,,,https://data.europarl.europa.eu/person/912
913,Mr,Umberto,Cardia,,,male,Italy,Tortoli (Nuoro),09/09/1921 01:00,25/06/2003 12:00,https://www.europarl.europa.eu/mepphoto/913.jpg,,,,,,,https://data.europarl.europa.eu/person/913
914,Mr,Manlio,CECOVINI,,,male,Italy,Trieste,29/01/1914 01:00,06/11/2010 01:00,https://www.europarl.europa.eu/mepphoto/914.jpg,,,,,,,https://data.europarl.europa.eu/person/914
915,Mr,Domenico,Ceravolo,,,male,Italy,Bovalino Marina (Reggio Calabria),26/09/1928 01:00,,https://www.europarl.europa.eu/mepphoto/915.jpg,,,,,,,https://data.europarl.europa.eu/person/915
916,Mr,Jacques,Chirac,,,male,France,Paris,29/11/1932 02:00,,https://www.europarl.europa.eu/mepphoto/916.jpg,,,,,,,https://data.europarl.europa.eu/person/916
917,Mr,Henri-Guy,Caillavet,,,male,France,Agen,13/02/1914 01:00,,https://www.europarl.europa.eu/mepphoto/917.jpg,,,,,,,https://data.europarl.europa.eu/person/917
918,Mr,Corentin,Calvez,,,male,France,Telgruc-sur-Mer (Finistère),26/06/1920 01:00,12/01/1985 01:00,https://www.europarl.europa.eu/mepphoto/918.jpg,,,,,,,https://data.europarl.europa.eu/person/918
919,Mr,Willy,Brandt,,,male,Germany,Lïbeck,18/12/1913 01:00,,https://www.europarl.europa.eu/mepphoto/919.jpg,,,,,,,https://data.europarl.europa.eu/person/919
920,Mr,Dominique,Bucchini,,,male,France,Sartène (Corse),24/01/1943 01:00,,https://www.europarl.europa.eu/mepphoto/920.jpg,,,,,,,https://data.europarl.europa.eu/person/920
921,Mr,Richard G.,Caborn,,,male,United Kingdom,Sheffield,06/10/1943 01:00,,https://www.europarl.europa.eu/mepphoto/921.jpg,,,,,,,https://data.europarl.europa.eu/person/921
924,Mr,André,BORD,,,male,France,Strasbourg,30/11/1922 02:00,13/05/2013 12:00,https://www.europarl.europa.eu/mepphoto/924.jpg,,,,,,,https://data.europarl.europa.eu/person/924
925,Mr,Roland,Boyes,,,male,United Kingdom,Huddersfield,12/02/1937 02:00,,https://www.europarl.europa.eu/mepphoto/925.jpg,,,,,,,https://data.europarl.europa.eu/person/925
926,Mr,Cornelis,Berkhouwer,,,male,Netherlands,Alkmaar,19/03/1919 01:00,,https://www.europarl.europa.eu/mepphoto/926.jpg,,,,,,,https://data.europarl.europa.eu/person/926
927,Mr,Willem,Albers,,,male,Netherlands,Rotterdam,30/11/1920 02:00,,https://www.europarl.europa.eu/mepphoto/927.jpg,,,,,,,https://data.europarl.europa.eu/person/927
928,Mr,Giorgio,Amendola,,,male,Italy,Roma,21/11/1907 01:00,05/06/1980 12:00,https://www.europarl.europa.eu/mepphoto/928.jpg,,,,,,,https://data.europarl.europa.eu/person/928
929,Mr,Fernand,Boden,,,male,Luxembourg,Echternach,13/09/1943 12:00,,https://www.europarl.europa.eu/mepphoto/929.jpg,,,,,,,https://data.europarl.europa.eu/person/929
930,Mr,Pierre,Baudis,,,male,France,Decazeville (Aveyron),11/05/1916 01:00,05/01/1997 01:00,https://www.europarl.europa.eu/mepphoto/930.jpg,,,,,,,https://data.europarl.europa.eu/person/930
931,Mr,Enrico,Berlinguer,,,male,Italy,Sassari,25/05/1922 01:00,11/06/1984 12:00,https://www.europarl.europa.eu/mepphoto/931.jpg,,,,,,,https://data.europarl.europa.eu/person/931
932,Mr,Pierre,Bernard,,,male,France,Saint-Pol de Léon (Finistère),01/11/1931 02:00,,https://www.europarl.europa.eu/mepphoto/932.jpg,,,,,,,https://data.europarl.europa.eu/person/932
933,Mr,Martin,Bangemann,,,male,Germany,Wanzleben,15/11/1934 02:00,28/06/2022 12:00,https://www.europarl.europa.eu/mepphoto/933.jpg,,,,,,,https://data.europarl.europa.eu/person/933
934,Mr,Giovanni,Barbagli,,,male,Italy,Civitella in Val di Chianti,24/06/1931 01:00,29/06/2006 12:00,https://www.europarl.europa.eu/mepphoto/934.jpg,,,,,,,https://data.europarl.europa.eu/person/934
935,Mr,Paolo,BARBI,,,male,Italy,Trieste,23/08/1919 01:00,10/06/2011 12:00,https://www.europarl.europa.eu/mepphoto/935.jpg,,,,,,,https://data.europarl.europa.eu/person/935
936,Mr,Gustave,Ansart,,,male,France,Roubaix,05/03/1923 02:00,,https://www.europarl.europa.eu/mepphoto/936.jpg,,,,,,,https://data.europarl.europa.eu/person/936
937,Mr,Vincent F.M.,Ansquer,,,male,France,Treize-Septiers (Vendée),11/01/1925 02:00,,https://www.europarl.europa.eu/mepphoto/937.jpg,,,,,,,https://data.europarl.europa.eu/person/937
938,Mr,Gaetano,ARFE',,,male,Italy,Somma Vesuviana (Napoli),12/11/1925 02:00,13/09/2007 12:00,https://www.europarl.europa.eu/mepphoto/938.jpg,,,,,,,https://data.europarl.europa.eu/person/938
939,Mr,Neil R.,Balfour,,,male,United Kingdom,Lima (Peru),12/08/1944 12:00,,https://www.europarl.europa.eu/mepphoto/939.jpg,,,,,,,https://data.europarl.europa.eu/person/939
942,Ms,Mechthild,von Alemann,,,female,Germany,Seebach/Krs. Langensalza,29/01/1937 02:00,,https://www.europarl.europa.eu/mepphoto/942.jpg,,,,,,,https://data.europarl.europa.eu/person/942
943,Ms,Susanna,Agnelli,,,female,Italy,Torino,24/04/1922 01:00,,https://www.europarl.europa.eu/mepphoto/943.jpg,,,,,,,https://data.europarl.europa.eu/person/943
946,Ms,Simone M.M.,Martin,,,female,France,Tourcoing,14/04/1943 12:00,,https://www.europarl.europa.eu/mepphoto/946.jpg,,,,,,,https://data.europarl.europa.eu/person/946
947,Ms,Luciana,Castellina,,,female,Italy,Roma,09/08/1929 01:00,,https://www.europarl.europa.eu/mepphoto/947.jpg,,,,,,,https://data.europarl.europa.eu/person/947
949,Ms,Maria Luisa,Cassanmagnago Cerretti,,,female,Italy,Bergamo,07/04/1929 02:00,04/08/2008 12:00,https://www.europarl.europa.eu/mepphoto/949.jpg,,,,,,,https://data.europarl.europa.eu/person/949
950,Mr,Georgios,Alexiadis,????????,?????????,male,Greece,Athina,18/12/1911 01:00,,https://www.europarl.europa.eu/mepphoto/950.jpg,,,,,,,https://data.europarl.europa.eu/person/950
951,Mr,Nicolas,Alfonsi,,,male,France,Cargèse (Corse),13/04/1936 02:00,,https://www.europarl.europa.eu/mepphoto/951.jpg,,,,,,,https://data.europarl.europa.eu/person/951
955,Mr,Vassilis,Ephremidis,???????,??????????,male,Greece,Athina,31/12/1915 01:00,17/08/2000 12:00,https://www.europarl.europa.eu/mepphoto/955.jpg,,,,,,,https://data.europarl.europa.eu/person/955
956,Mr,Leo C.,Tindemans,,,male,Belgium,Zwijndrecht,16/04/1922 12:00,26/12/2014 01:00,https://www.europarl.europa.eu/mepphoto/956.jpg,,,,,,,https://data.europarl.europa.eu/person/956
957,Mr,Pietro,ADONNINO,,,male,Italy,Roma,06/11/1929 02:00,22/03/2013 01:00,https://www.europarl.europa.eu/mepphoto/957.jpg,,,,,,,https://data.europarl.europa.eu/person/957
967,Mr,Gérard R.P.,Fuchs,,,male,France,Longjumeau,18/05/1940 12:00,,https://www.europarl.europa.eu/mepphoto/967.jpg,,,,,,,https://data.europarl.europa.eu/person/967
968,Mr,Emilio,COLOMBO,,,male,Italy,Potenza,11/04/1920 01:00,24/06/2013 12:00,https://www.europarl.europa.eu/mepphoto/968.jpg,,,,,,,https://data.europarl.europa.eu/person/968
972,Mr,Tom,Spencer,,,male,United Kingdom,Nottingham,10/04/1948 01:00,,https://www.europarl.europa.eu/mepphoto/972.jpg,,,,,,,https://data.europarl.europa.eu/person/972
974,Mr,Christian,de la Malène,,,male,France,Nîmes (Gard),05/12/1920 02:00,26/09/2007 12:00,https://www.europarl.europa.eu/mepphoto/974.jpg,,,,,,,https://data.europarl.europa.eu/person/974
975,Mr,Henri,SABY,,,male,France,Toulouse,08/08/1933 01:00,16/06/2011 12:00,https://www.europarl.europa.eu/mepphoto/975.jpg,,,,,,,https://data.europarl.europa.eu/person/975
976,Mr,Bernard,Thareau,,,male,France,La Rouxière,02/09/1936 01:00,29/06/1995 12:00,https://www.europarl.europa.eu/mepphoto/976.jpg,,,,,,,https://data.europarl.europa.eu/person/976
977,Mr,Vincenzo,Bettiza,,,male,Italy,Split (Jugoslavia),07/06/1927 01:00,26/07/2017 12:00,https://www.europarl.europa.eu/mepphoto/977.jpg,,,,,,,https://data.europarl.europa.eu/person/977
987,Mr,Nicolas,Estgen,,,male,Luxembourg,Dudelange,28/02/1930 02:00,26/12/2019 01:00,https://www.europarl.europa.eu/mepphoto/987.jpg,,,,,,,https://data.europarl.europa.eu/person/987
991,Mr,Salvatore,Lima,,,male,Italy,Palermo,23/01/1928 02:00,12/03/1992 01:00,https://www.europarl.europa.eu/mepphoto/991.jpg,,,,,,,https://data.europarl.europa.eu/person/991
1002,Mr,Marco,Pannella,,,male,Italy,Teramo,02/05/1930 12:00,19/05/2016 12:00,https://www.europarl.europa.eu/mepphoto/1002.jpg,,,,,,,https://data.europarl.europa.eu/person/1002
1013,Mr,Antonio,CARIGLIA,,,male,Italy,Vieste,28/03/1924 02:00,20/02/2010 01:00,https://www.europarl.europa.eu/mepphoto/1013.jpg,,,,,,,https://data.europarl.europa.eu/person/1013
1018,Mr,Francis,Wurtz,,,male,France,Strasbourg,03/01/1948 01:00,,https://www.europarl.europa.eu/mepphoto/1018.jpg,,,,,,,https://data.europarl.europa.eu/person/1018
1019,Mr,Neil,Blaney,,,male,Ireland,Rossnakill (Co. Donegal),29/10/1922 02:00,08/11/1995 01:00,https://www.europarl.europa.eu/mepphoto/1019.jpg,,,,,,,https://data.europarl.europa.eu/person/1019
1043,Mr,Ioannis,Pesmazoglou,???????,???????????,male,Greece,Hios,01/03/1918 01:00,27/11/2003 01:00,https://www.europarl.europa.eu/mepphoto/1043.jpg,,,,,,,https://data.europarl.europa.eu/person/1043
1068,Ms,Nicole,Pery,,,female,France,Bayonne,15/05/1943 12:00,,https://www.europarl.europa.eu/mepphoto/1068.jpg,,,,,,,https://data.europarl.europa.eu/person/1068
1082,Mr,Bruno,Visentini,,,male,Italy,Treviso,01/08/1914 01:00,,https://www.europarl.europa.eu/mepphoto/1082.jpg,,,,,,,https://data.europarl.europa.eu/person/1082
1084,Mr,Yves A.R.,Galland,,,male,France,Paris,08/03/1941 12:00,,https://www.europarl.europa.eu/mepphoto/1084.jpg,,,,,,,https://data.europarl.europa.eu/person/1084
1087,Mr,Joachim,Dalsass,,,male,Italy,Leifers (Südtirol),03/12/1926 02:00,08/10/2005 12:00,https://www.europarl.europa.eu/mepphoto/1087.jpg,,,,,,,https://data.europarl.europa.eu/person/1087
1113,Mr,Jas,Gawronski,,,male,Italy,Vienna (Austria),07/02/1936 02:00,,https://www.europarl.europa.eu/mepphoto/1113.jpg,,,,,,,https://data.europarl.europa.eu/person/1113
1118,Mr,Bettino,Craxi,,,male,Italy,Milano,24/02/1934 02:00,,https://www.europarl.europa.eu/mepphoto/1118.jpg,,,,,,,https://data.europarl.europa.eu/person/1118
1128,Ms,Sylvie,Mayer (ex LE ROUX),,,female,France,Nice,13/10/1946 01:00,,https://www.europarl.europa.eu/mepphoto/1128.jpg,,,,,,,https://data.europarl.europa.eu/person/1128
1157,Mr,René-Emile,Piquet,,,male,France,Lanthenay-Romorantin,23/10/1932 02:00,,https://www.europarl.europa.eu/mepphoto/1157.jpg,,,,,,,https://data.europarl.europa.eu/person/1157
1173,Ms,Marie-Claude,Vayssade,,,female,France,Pierrepont (Meurthe et Moselle),08/08/1936 01:00,11/11/2020 01:00,https://www.europarl.europa.eu/mepphoto/1173.jpg,,,,,,,https://data.europarl.europa.eu/person/1173
1174,Ms,Simone,Veil,,,female,France,Nice,13/07/1927 01:00,30/06/2017 12:00,https://www.europarl.europa.eu/mepphoto/1174.jpg,,,,,,,https://data.europarl.europa.eu/person/1174
1176,Mr,Maxime François,Gremetz,,,male,France,Canchy,03/09/1940 12:00,,https://www.europarl.europa.eu/mepphoto/1176.jpg,,,,,,,https://data.europarl.europa.eu/person/1176
1184,Ms,Colette,Flesch,,,female,Luxembourg,Dudelange,16/04/1937 01:00,,https://www.europarl.europa.eu/mepphoto/1184.jpg,,,,,,,https://data.europarl.europa.eu/person/1184
1189,Ms,Beate,Weber,,,female,Germany,Reichenberg,12/12/1943 01:00,,https://www.europarl.europa.eu/mepphoto/1189.jpg,,,,,,,https://data.europarl.europa.eu/person/1189
1194,Mr,Jean-Thomas,Nordmann,,,male,France,Paris,16/02/1946 01:00,,https://www.europarl.europa.eu/mepphoto/1194.jpg,,,,,,,https://data.europarl.europa.eu/person/1194
1196,Ms,Heinke,Salisch,,,female,Germany,Grevenbroich,14/08/1941 12:00,,https://www.europarl.europa.eu/mepphoto/1196.jpg,,,,,,,https://data.europarl.europa.eu/person/1196
1197,Ms,Ursula,Schleicher,,,female,Germany,Aschaffenburg,15/05/1933 01:00,,https://www.europarl.europa.eu/mepphoto/1197.jpg,,,,,,,https://data.europarl.europa.eu/person/1197
1212,Mr,Alain,Bombard,,,male,France,Paris,27/10/1924 02:00,19/07/2005 12:00,https://www.europarl.europa.eu/mepphoto/1212.jpg,,,,,,,https://data.europarl.europa.eu/person/1212
1224,Mr,Karl,von Wogau,,,male,Germany,Freiburg,18/07/1941 12:00,,https://www.europarl.europa.eu/mepphoto/1224.jpg,,,,,,,https://data.europarl.europa.eu/person/1224
1225,Mr,Axel N.,Zarges,,,male,Germany,Kassel,07/10/1932 02:00,29/12/1989 01:00,https://www.europarl.europa.eu/mepphoto/1225.jpg,,,,,,,https://data.europarl.europa.eu/person/1225
1232,Mr,Thomas,von der Vring,,,male,Germany,Stuttgart,27/05/1937 01:00,,https://www.europarl.europa.eu/mepphoto/1232.jpg,,,,,,,https://data.europarl.europa.eu/person/1232
1233,Mr,Gerd,Walter,,,male,Germany,Lübeck,26/04/1949 01:00,,https://www.europarl.europa.eu/mepphoto/1233.jpg,,,,,,,https://data.europarl.europa.eu/person/1233
1234,Mr,Klaus H.W.,Wettig,,,male,Germany,Göttingen,15/08/1940 12:00,,https://www.europarl.europa.eu/mepphoto/1234.jpg,,,,,,,https://data.europarl.europa.eu/person/1234
1235,Ms,Magdalene,Hoff,,,female,Germany,Hagen,29/12/1940 12:00,29/03/2017 12:00,https://www.europarl.europa.eu/mepphoto/1235.jpg,,,,,,,https://data.europarl.europa.eu/person/1235
1236,Ms,Marlene,Lenz,,,female,Germany,Berlin,04/07/1932 01:00,,https://www.europarl.europa.eu/mepphoto/1236.jpg,,,,,,,https://data.europarl.europa.eu/person/1236
1238,Mr,Dieter P.A.,Schinzel,,,male,Germany,Berlin,14/11/1942 01:00,,https://www.europarl.europa.eu/mepphoto/1238.jpg,,,,,,,https://data.europarl.europa.eu/person/1238
1239,Mr,Gerhard,Schmid,,,male,Germany,Straubing,05/05/1946 01:00,,https://www.europarl.europa.eu/mepphoto/1239.jpg,,,,,,,https://data.europarl.europa.eu/person/1239
1244,Ms,Tove,Nielsen,,,female,Denmark,Durup,08/04/1941 12:00,,https://www.europarl.europa.eu/mepphoto/1244.jpg,,,,,,,https://data.europarl.europa.eu/person/1244
1248,Mr,Bernhard,Sälzer,,,male,Germany,Berlin,04/09/1940 12:00,18/12/1993 01:00,https://www.europarl.europa.eu/mepphoto/1248.jpg,,,,,,,https://data.europarl.europa.eu/person/1248
1252,Mr,(Hans) Johannes Wilhelm,Peters,,,male,Germany,Uedem (Kr. Kleve),10/12/1927 02:00,,https://www.europarl.europa.eu/mepphoto/1252.jpg,,,,,,,https://data.europarl.europa.eu/person/1252
1253,Mr,Hans-Gert,Pöttering,,,male,Germany,Bersenbrück (Niedersachsen),15/09/1945 12:00,,https://www.europarl.europa.eu/mepphoto/1253.jpg,,,,,,,https://data.europarl.europa.eu/person/1253
1255,Mr,Günter,Rinsche,,,male,Germany,Hamm,13/07/1930 01:00,,https://www.europarl.europa.eu/mepphoto/1255.jpg,,,,,,,https://data.europarl.europa.eu/person/1255
1256,Mr,Dieter,ROGALLA,,,male,Germany,Weißwasser (Oberlausitz),20/08/1927 01:00,08/01/2013 01:00,https://www.europarl.europa.eu/mepphoto/1256.jpg,,,,,,,https://data.europarl.europa.eu/person/1256
1257,Mr,Gerd Ludwig,Lemmer,,,male,Germany,Remscheid,13/09/1925 01:00,,https://www.europarl.europa.eu/mepphoto/1257.jpg,,,,,,,https://data.europarl.europa.eu/person/1257
1258,Mr,Rolf,Linkohr,,,male,Germany,Stuttgart,11/04/1941 12:00,,https://www.europarl.europa.eu/mepphoto/1258.jpg,,,,,,,https://data.europarl.europa.eu/person/1258
1259,Mr,Rudolf,Luster,,,male,Germany,Berlin-Schöneberg,20/01/1921 02:00,,https://www.europarl.europa.eu/mepphoto/1259.jpg,,,,,,,https://data.europarl.europa.eu/person/1259
1260,Mr,Kurt,Malangré,,,male,Germany,Aachen,18/09/1934 01:00,04/10/2018 12:00,https://www.europarl.europa.eu/mepphoto/1260.jpg,,,,,,,https://data.europarl.europa.eu/person/1260
1261,Mr,Karl-Heinrich,Mihr,,,male,Germany,Gudensberg (Hessen),22/07/1935 01:00,,https://www.europarl.europa.eu/mepphoto/1261.jpg,,,,,,,https://data.europarl.europa.eu/person/1261
1263,Mr,Elmar,Brok,,,male,Germany,Verl (Kr. Gütersloh),14/05/1946 01:00,,https://www.europarl.europa.eu/mepphoto/1263.jpg,,,,,,,https://data.europarl.europa.eu/person/1263
1264,Mr,Ingo,Friedrich,,,male,Germany,Kutno,24/01/1942 12:00,,https://www.europarl.europa.eu/mepphoto/1264.jpg,,,,,,,https://data.europarl.europa.eu/person/1264
1265,Mr,Otto,von HABSBURG,,,male,Germany,Reichenau,20/11/1912 01:00,04/07/2011 12:00,https://www.europarl.europa.eu/mepphoto/1265.jpg,,,,,,,https://data.europarl.europa.eu/person/1265
1266,Mr,Klaus,Hänsch,,,male,Germany,Sprottau (Schlesien),15/12/1938 02:00,,https://www.europarl.europa.eu/mepphoto/1266.jpg,,,,,,,https://data.europarl.europa.eu/person/1266
1267,Mr,Egon A.,KLEPSCH,,,male,Germany,Bodenbach (Elbe),30/01/1930 02:00,18/09/2010 12:00,https://www.europarl.europa.eu/mepphoto/1267.jpg,,,,,,,https://data.europarl.europa.eu/person/1267
1268,Mr,Horst,Langes,,,male,Germany,Koblenz,02/12/1928 02:00,,https://www.europarl.europa.eu/mepphoto/1268.jpg,,,,,,,https://data.europarl.europa.eu/person/1268
1271,Mr,Siegbert,Alber,,,male,Germany,Hechingen (Hohenzollern),27/07/1936 01:00,04/06/2021 12:00,https://www.europarl.europa.eu/mepphoto/1271.jpg,,,,,,,https://data.europarl.europa.eu/person/1271
1272,Mr,Reinhold L.,Bocklet,,,male,Germany,Schongau (Obb.),05/04/1943 12:00,,https://www.europarl.europa.eu/mepphoto/1272.jpg,,,,,,,https://data.europarl.europa.eu/person/1272
1275,Mr,Jens-Peter,Bonde,,,male,Denmark,Åbenrå,27/03/1948 01:00,04/04/2021 12:00,https://www.europarl.europa.eu/mepphoto/1275.jpg,,,,,,,https://data.europarl.europa.eu/person/1275
1278,Mr,Erhard V.,Jakobsen,,,male,Denmark,Grene,25/02/1917 01:00,,https://www.europarl.europa.eu/mepphoto/1278.jpg,,,,,,,https://data.europarl.europa.eu/person/1278
1296,Mr,Willy C.E.H.,DE CLERCQ,,,male,Belgium,Gent,08/07/1927 01:00,28/10/2011 12:00,https://www.europarl.europa.eu/mepphoto/1296.jpg,,,,,,,https://data.europarl.europa.eu/person/1296
1366,Ms,Janey O'Neil,BUCHAN,,,female,United Kingdom,Glasgow,30/04/1926 01:00,14/01/2012 01:00,https://www.europarl.europa.eu/mepphoto/1366.jpg,,,,,,,https://data.europarl.europa.eu/person/1366
1369,Ms,Winifred M.,Ewing,,,female,United Kingdom,Glasgow,10/07/1929 01:00,,https://www.europarl.europa.eu/mepphoto/1369.jpg,,,,,,,https://data.europarl.europa.eu/person/1369
1377,Mr,Amédée E.,Turner,,,male,United Kingdom,London,26/03/1929 02:00,13/09/2021 12:00,https://www.europarl.europa.eu/mepphoto/1377.jpg,,,,,,,https://data.europarl.europa.eu/person/1377
1378,Mr,Michael J.,Welsh,,,male,United Kingdom,Dovercourt,22/05/1942 12:00,,https://www.europarl.europa.eu/mepphoto/1378.jpg,,,,,,,https://data.europarl.europa.eu/person/1378
1384,Mr,Jack,Stewart-Clark,,,male,United Kingdom,Dalmeny (Scotland),17/09/1929 01:00,,https://www.europarl.europa.eu/mepphoto/1384.jpg,,,,,,,https://data.europarl.europa.eu/person/1384
1385,Mr,Barry H.,Seal,,,male,United Kingdom,Halifax (Yorkshire),28/10/1937 02:00,,https://www.europarl.europa.eu/mepphoto/1385.jpg,,,,,,,https://data.europarl.europa.eu/person/1385
1386,Mr,Madron Richard,Seligman,,,male,United Kingdom,Leatherhead (Surrey),10/11/1918 01:00,,https://www.europarl.europa.eu/mepphoto/1386.jpg,,,,,,,https://data.europarl.europa.eu/person/1386
1387,Mr,Richard J.,Simmonds,,,male,United Kingdom,Maidenhead,02/08/1944 12:00,,https://www.europarl.europa.eu/mepphoto/1387.jpg,,,,,,,https://data.europarl.europa.eu/person/1387
1388,Mr,Anthony M.H.,Simpson,,,male,United Kingdom,Leicester,28/10/1935 02:00,,https://www.europarl.europa.eu/mepphoto/1388.jpg,,,,,,,https://data.europarl.europa.eu/person/1388
1389,Mr,Henry,Plumb,,,male,United Kingdom,Warwickshire,27/03/1925 02:00,15/04/2022 12:00,https://www.europarl.europa.eu/mepphoto/1389.jpg,,,,,,,https://data.europarl.europa.eu/person/1389
1390,Mr,Derek,Prag,,,male,United Kingdom,"Merthyr Tydfil (Glamorgan, South Wales)",06/08/1923 01:00,,https://www.europarl.europa.eu/mepphoto/1390.jpg,,,,,,,https://data.europarl.europa.eu/person/1390
1391,Mr,Peter N.,Price,,,male,United Kingdom,Aberdare,19/02/1942 12:00,,https://www.europarl.europa.eu/mepphoto/1391.jpg,,,,,,,https://data.europarl.europa.eu/person/1391
1392,Mr,Christopher J.,PROUT (Lord Kingsland),,,male,United Kingdom,London,01/01/1942 12:00,12/07/2009 12:00,https://www.europarl.europa.eu/mepphoto/1392.jpg,,,,,,,https://data.europarl.europa.eu/person/1392
1393,Mr,James,Scott-Hopkins,,,male,United Kingdom,London,29/11/1921 02:00,11/03/1995 01:00,https://www.europarl.europa.eu/mepphoto/1393.jpg,,,,,,,https://data.europarl.europa.eu/person/1393
1394,Mr,Bill,Newton Dunn,,,male,United Kingdom,Greywell (Hampshire),03/10/1941 12:00,,https://www.europarl.europa.eu/mepphoto/1394.jpg,,,,,,,https://data.europarl.europa.eu/person/1394
1395,Mr,The Lord,O'Hagan,,,male,United Kingdom,London,06/09/1945 12:00,,https://www.europarl.europa.eu/mepphoto/1395.jpg,,,,,,,https://data.europarl.europa.eu/person/1395
1396,Mr,Ian R.K.,PAISLEY,,,male,United Kingdom,Armagh (Northern Ireland),06/04/1926 02:00,12/09/2014 12:00,https://www.europarl.europa.eu/mepphoto/1396.jpg,,,,,,,https://data.europarl.europa.eu/person/1396
1397,Mr,(Ben) George Benjamin,Patterson,,,male,United Kingdom,Hemel Hempstead,21/04/1939 01:00,,https://www.europarl.europa.eu/mepphoto/1397.jpg,,,,,,,https://data.europarl.europa.eu/person/1397
1398,Mr,James,MOORHOUSE,,,male,United Kingdom,Copenhagen,01/01/1924 02:00,06/01/2014 01:00,https://www.europarl.europa.eu/mepphoto/1398.jpg,,,,,,,https://data.europarl.europa.eu/person/1398
1406,Mr,Thomas,Megahy,,,male,United Kingdom,Wishaw (Lanarkshire),16/07/1929 01:00,05/10/2008 12:00,https://www.europarl.europa.eu/mepphoto/1406.jpg,,,,,,,https://data.europarl.europa.eu/person/1406
1408,Mr,John,Hume,,,male,United Kingdom,Derry (Northern Ireland),18/01/1937 02:00,03/08/2020 12:00,https://www.europarl.europa.eu/mepphoto/1408.jpg,,,,,,,https://data.europarl.europa.eu/person/1408
1409,Mr,Christopher Murray,Jackson,,,male,United Kingdom,Norwich,23/05/1935 01:00,13/12/2019 01:00,https://www.europarl.europa.eu/mepphoto/1409.jpg,,,,,,,https://data.europarl.europa.eu/person/1409
1410,Mr,Edward T.,Kellett-Bowman,,,male,United Kingdom,Leeds,25/02/1931 02:00,,https://www.europarl.europa.eu/mepphoto/1410.jpg,,,,,,,https://data.europarl.europa.eu/person/1410
1411,Mr,Alfred,Lomas,,,male,United Kingdom,Stockport,30/04/1928 01:00,06/01/2021 01:00,https://www.europarl.europa.eu/mepphoto/1411.jpg,,,,,,,https://data.europarl.europa.eu/person/1411
1416,Mr,Paul F.,HOWELL,,,male,United Kingdom,King's Lynn (Norfolk),17/01/1951 01:00,20/09/2008 12:00,https://www.europarl.europa.eu/mepphoto/1416.jpg,,,,,,,https://data.europarl.europa.eu/person/1416
1417,Mr,Fred,CATHERWOOD,,,male,United Kingdom,Castledawson,30/01/1925 02:00,30/11/2014 01:00,https://www.europarl.europa.eu/mepphoto/1417.jpg,,,,,,,https://data.europarl.europa.eu/person/1417
1418,Mr,Kenneth D.,Collins,,,male,United Kingdom,Hamilton,12/08/1939 01:00,,https://www.europarl.europa.eu/mepphoto/1418.jpg,,,,,,,https://data.europarl.europa.eu/person/1418
1421,Mr,Peter,Beazley,,,male,United Kingdom,Chale (Isle of Wight),09/06/1922 01:00,23/12/2004 01:00,https://www.europarl.europa.eu/mepphoto/1421.jpg,,,,,,,https://data.europarl.europa.eu/person/1421
1422,Mr,Nicholas,BETHELL,,,male,United Kingdom,London,19/07/1938 01:00,08/09/2007 12:00,https://www.europarl.europa.eu/mepphoto/1422.jpg,,,,,,,https://data.europarl.europa.eu/person/1422
1425,Ms,Hanja,Maij-Weggen,,,female,Netherlands,Emmen,29/12/1943 01:00,,https://www.europarl.europa.eu/mepphoto/1425.jpg,,,,,,,https://data.europarl.europa.eu/person/1425
1427,Mr,Gordon J.,Adam,,,male,United Kingdom,Carlisle,28/03/1934 02:00,,https://www.europarl.europa.eu/mepphoto/1427.jpg,,,,,,,https://data.europarl.europa.eu/person/1427
1428,Mr,Richard A.,Balfe,,,male,United Kingdom,Mildenhall (Suffolk),14/05/1944 12:00,,https://www.europarl.europa.eu/mepphoto/1428.jpg,,,,,,,https://data.europarl.europa.eu/person/1428
1430,Ms,Marijke J.H.,Van Hemeldonck,,,female,Belgium,Hove,23/12/1931 02:00,,https://www.europarl.europa.eu/mepphoto/1430.jpg,,,,,,,https://data.europarl.europa.eu/person/1430
1435,Mr,(Paddy) Patrick Joseph,Lalor,,,male,Ireland,Dublin,20/07/1926 12:00,29/07/2016 12:00,https://www.europarl.europa.eu/mepphoto/1435.jpg,,,,,,,https://data.europarl.europa.eu/person/1435
1436,Mr,John Joseph,McCartin,,,male,Ireland,Ballinamore (Co. Leitrim),24/04/1939 01:00,,https://www.europarl.europa.eu/mepphoto/1436.jpg,,,,,,,https://data.europarl.europa.eu/person/1436
1437,Mr,Thomas Joseph,Maher,,,male,Ireland,Cashel (Co. Tipperary),29/04/1922 01:00,19/04/2002 12:00,https://www.europarl.europa.eu/mepphoto/1437.jpg,,,,,,,https://data.europarl.europa.eu/person/1437
1439,Ms,Raymonde M.E.A.,Dury,,,female,Belgium,Haine-St.-Paul,22/07/1947 01:00,,https://www.europarl.europa.eu/mepphoto/1439.jpg,,,,,,,https://data.europarl.europa.eu/person/1439
1440,Mr,Eisso P.,Woltjer,,,male,Netherlands,Nieuwe Pekela,09/01/1942 12:00,,https://www.europarl.europa.eu/mepphoto/1440.jpg,,,,,,,https://data.europarl.europa.eu/person/1440
1446,Mr,Hemmo J.,Muntingh,,,male,Netherlands,Amsterdam,30/12/1938 02:00,,https://www.europarl.europa.eu/mepphoto/1446.jpg,,,,,,,https://data.europarl.europa.eu/person/1446
1447,Mr,Jean J.M.,Penders,,,male,Netherlands,Gemert,05/04/1939 02:00,,https://www.europarl.europa.eu/mepphoto/1447.jpg,,,,,,,https://data.europarl.europa.eu/person/1447
1451,Mr,Bouke,Beumer,,,male,Netherlands,Valkenswaard,21/11/1934 02:00,10/04/2022 12:00,https://www.europarl.europa.eu/mepphoto/1451.jpg,,,,,,,https://data.europarl.europa.eu/person/1451
1453,Mr,Pieter,DANKERT,,,male,Netherlands,Stiens (Leeuwarderadeel),08/01/1934 02:00,21/06/2003 12:00,https://www.europarl.europa.eu/mepphoto/1453.jpg,,,,,,,https://data.europarl.europa.eu/person/1453
1455,Mr,James L.,JANSSEN van RAAY,,,male,Netherlands,Muntok (Indonesië),01/06/1932 01:00,11/02/2010 01:00,https://www.europarl.europa.eu/mepphoto/1455.jpg,,,,,,,https://data.europarl.europa.eu/person/1455
1461,Mr,Alexandros,Alavanos,??????????,????????,male,Greece,Athina,22/05/1950 01:00,,https://www.europarl.europa.eu/mepphoto/1461.jpg,,,,,,,https://data.europarl.europa.eu/person/1461
1467,Mr,Fernand H.J.,Herman,,,male,Belgium,Boirs,23/01/1932 02:00,04/04/2005 12:00,https://www.europarl.europa.eu/mepphoto/1467.jpg,,,,,,,https://data.europarl.europa.eu/person/1467
1468,Mr,Pol M.E.E.,Marck,,,male,Belgium,Péronnes-lez-Binche,06/12/1930 02:00,21/11/2017 01:00,https://www.europarl.europa.eu/mepphoto/1468.jpg,,,,,,,https://data.europarl.europa.eu/person/1468
1470,Mr,Jaak H.-A.,Vandemeulebroucke,,,male,Belgium,Avelgem,27/05/1943 12:00,,https://www.europarl.europa.eu/mepphoto/1470.jpg,,,,,,,https://data.europarl.europa.eu/person/1470
1471,Mr,Raphaël M.G.,Chanterie,,,male,Belgium,Oeselgem,22/11/1942 01:00,,https://www.europarl.europa.eu/mepphoto/1471.jpg,,,,,,,https://data.europarl.europa.eu/person/1471
1472,Mr,Karel,De Gucht,,,male,Belgium,Overmere,27/01/1954 01:00,,https://www.europarl.europa.eu/mepphoto/1472.jpg,,,,,,,https://data.europarl.europa.eu/person/1472
1475,Mr,Ernest,Glinne,,,male,Belgium,Forchies-la-Marche,30/03/1931 02:00,,https://www.europarl.europa.eu/mepphoto/1475.jpg,,,,,,,https://data.europarl.europa.eu/person/1475
1478,Mr,Giorgio,Almirante,,,male,Italy,Salsomaggiore (Parma),27/06/1914 01:00,23/05/1988 12:00,https://www.europarl.europa.eu/mepphoto/1478.jpg,,,,,,,https://data.europarl.europa.eu/person/1478
1480,Mr,Mario,Zagari,,,male,Italy,Milano,14/09/1913 01:00,,https://www.europarl.europa.eu/mepphoto/1480.jpg,,,,,,,https://data.europarl.europa.eu/person/1480
1484,Ms,P.(Phili) J.,Viehoff,,,female,Netherlands,Zwolle,08/06/1924 01:00,,https://www.europarl.europa.eu/mepphoto/1484.jpg,,,,,,,https://data.europarl.europa.eu/person/1484
1486,Mr,Manfred W.,Wagner,,,male,Germany,Hassel (Saar),14/01/1934 02:00,,https://www.europarl.europa.eu/mepphoto/1486.jpg,,,,,,,https://data.europarl.europa.eu/person/1486
1487,Mr,Kurt,Wawrzik,,,male,Germany,Meiningen (Thüringen),15/02/1929 02:00,,https://www.europarl.europa.eu/mepphoto/1487.jpg,,,,,,,https://data.europarl.europa.eu/person/1487
1488,Mr,Rudolf,Wedekind,,,male,Germany,Hannover,04/08/1938 01:00,30/11/2016 01:00,https://www.europarl.europa.eu/mepphoto/1488.jpg,,,,,,,https://data.europarl.europa.eu/person/1488
1489,Mr,Willem J.,Vergeer,,,male,Netherlands,Zeist,28/03/1926 02:00,,https://www.europarl.europa.eu/mepphoto/1489.jpg,,,,,,,https://data.europarl.europa.eu/person/1489
1490,Mr,Paul,Vergès,,,male,France,Oubone (Thaïlande),03/03/1925 02:00,12/11/2016 01:00,https://www.europarl.europa.eu/mepphoto/1490.jpg,,,,,,,https://data.europarl.europa.eu/person/1490
1491,Mr,Willy,Vernimmen,,,male,Belgium,Melle,23/12/1930 02:00,,https://www.europarl.europa.eu/mepphoto/1491.jpg,,,,,,,https://data.europarl.europa.eu/person/1491
1492,Mr,Heinz Oskar,Vetter,,,male,Germany,Bochum-Werne,21/10/1917 01:00,,https://www.europarl.europa.eu/mepphoto/1492.jpg,,,,,,,https://data.europarl.europa.eu/person/1492
1494,Mr,Peter B.R.,Vanneck,,,male,United Kingdom,London,07/01/1922 02:00,,https://www.europarl.europa.eu/mepphoto/1494.jpg,,,,,,,https://data.europarl.europa.eu/person/1494
1501,Ms,Vera,Squarcialupi,,,female,Italy,Pola,05/08/1928 01:00,03/04/2021 12:00,https://www.europarl.europa.eu/mepphoto/1501.jpg,,,,,,,https://data.europarl.europa.eu/person/1501
1502,Ms,Heidemarie,Wieczorek-Zeul,,,female,Germany,Frankfurt/Main,21/11/1942 01:00,,https://www.europarl.europa.eu/mepphoto/1502.jpg,,,,,,,https://data.europarl.europa.eu/person/1502
1503,Ms,Lieselotte,Seibel-Emmerling,,,female,Germany,Leobschütz (Oberschlesien),03/02/1932 02:00,,https://www.europarl.europa.eu/mepphoto/1503.jpg,,,,,,,https://data.europarl.europa.eu/person/1503
1504,Mr,John David,Taylor,,,male,United Kingdom,Armagh (Northern Ireland),24/12/1937 02:00,,https://www.europarl.europa.eu/mepphoto/1504.jpg,,,,,,,https://data.europarl.europa.eu/person/1504
1505,Mr,Teun,Tolman,,,male,Netherlands,Oldeholtpade,22/09/1924 01:00,,https://www.europarl.europa.eu/mepphoto/1505.jpg,,,,,,,https://data.europarl.europa.eu/person/1505
1506,Mr,Frederick A.,Tuckman,,,male,United Kingdom,Magdeburg,09/06/1922 01:00,06/07/2017 12:00,https://www.europarl.europa.eu/mepphoto/1506.jpg,,,,,,,https://data.europarl.europa.eu/person/1506
1511,Mr,Georges,Sutra de Germa,,,male,France,Béziers,14/01/1930 02:00,13/02/1995 01:00,https://www.europarl.europa.eu/mepphoto/1511.jpg,,,,,,,https://data.europarl.europa.eu/person/1511
1512,Mr,Alexander,Sherlock,,,male,United Kingdom,Coventry,14/02/1922 02:00,,https://www.europarl.europa.eu/mepphoto/1512.jpg,,,,,,,https://data.europarl.europa.eu/person/1512
1513,Mr,Horst,Seefeld,,,male,Germany,Berlin,21/11/1930 02:00,10/01/2018 01:00,https://www.europarl.europa.eu/mepphoto/1513.jpg,,,,,,,https://data.europarl.europa.eu/person/1513
1514,Mr,Hans-Joachim,Seeler,,,male,Germany,Lauenburg,09/08/1930 01:00,,https://www.europarl.europa.eu/mepphoto/1514.jpg,,,,,,,https://data.europarl.europa.eu/person/1514
1515,Mr,Sergio Camillo,Segre,,,male,Italy,Torino,15/09/1926 01:00,06/04/2022 12:00,https://www.europarl.europa.eu/mepphoto/1515.jpg,,,,,,,https://data.europarl.europa.eu/person/1515
1517,Mr,Konrad,Schön,,,male,Germany,Mannheim,07/05/1930 01:00,,https://www.europarl.europa.eu/mepphoto/1517.jpg,,,,,,,https://data.europarl.europa.eu/person/1517
1520,Ms,Renate-Charlotte,Rabbethge,,,female,Germany,Göttingen,14/10/1930 02:00,,https://www.europarl.europa.eu/mepphoto/1520.jpg,,,,,,,https://data.europarl.europa.eu/person/1520
1521,Ms,Shelagh,Roberts,,,female,United Kingdom,Port Talbot (South Wales),13/10/1924 02:00,,https://www.europarl.europa.eu/mepphoto/1521.jpg,,,,,,,https://data.europarl.europa.eu/person/1521
1537,Ms,Joyce G.,Quin,,,female,United Kingdom,Tynemouth (Northumberland),26/11/1944 01:00,,https://www.europarl.europa.eu/mepphoto/1537.jpg,,,,,,,https://data.europarl.europa.eu/person/1537
1538,Mr,James L.C.,Provan,,,male,United Kingdom,Glenfarg (Perthshire),19/12/1936 02:00,,https://www.europarl.europa.eu/mepphoto/1538.jpg,,,,,,,https://data.europarl.europa.eu/person/1538
1540,Ms,Konstantina,Pantazi,???????????,???????,female,Greece,Agios Stefanos (Ahaïas),13/01/1943 01:00,,https://www.europarl.europa.eu/mepphoto/1540.jpg,,,,,,,https://data.europarl.europa.eu/person/1540
1541,Mr,Michel C.,Poniatowski,,,male,France,Paris,16/05/1922 01:00,,https://www.europarl.europa.eu/mepphoto/1541.jpg,,,,,,,https://data.europarl.europa.eu/person/1541
1542,Mr,Pierre-Benjamin,Pranchère,,,male,France,Brive (Corrèze),01/07/1927 01:00,,https://www.europarl.europa.eu/mepphoto/1542.jpg,,,,,,,https://data.europarl.europa.eu/person/1542
1543,Mr,Spyridon,Plaskovitis,????????,???????????,male,Greece,Kerkyra,13/06/1917 12:00,,https://www.europarl.europa.eu/mepphoto/1543.jpg,,,,,,,https://data.europarl.europa.eu/person/1543
1544,Mr,Sergio,Pininfarina,,,male,Italy,Torino,08/09/1926 01:00,,https://www.europarl.europa.eu/mepphoto/1544.jpg,,,,,,,https://data.europarl.europa.eu/person/1544
1545,Mr,Pierre,Pflimlin,,,male,France,Roubaix,05/02/1907 01:00,28/06/2000 12:00,https://www.europarl.europa.eu/mepphoto/1545.jpg,,,,,,,https://data.europarl.europa.eu/person/1545
1550,Mr,Francesco,Petronio,,,male,Italy,Trieste,21/12/1931 02:00,12/07/1994 12:00,https://www.europarl.europa.eu/mepphoto/1550.jpg,,,,,,,https://data.europarl.europa.eu/person/1550
1551,Mr,Andrew,Pearce,,,male,United Kingdom,Southport,01/12/1937 02:00,,https://www.europarl.europa.eu/mepphoto/1551.jpg,,,,,,,https://data.europarl.europa.eu/person/1551
1552,Mr,Jiri,Pelikan,,,male,Italy,Olomouc (Cecoslovacchia),07/02/1923 02:00,26/06/1999 12:00,https://www.europarl.europa.eu/mepphoto/1552.jpg,,,,,,,https://data.europarl.europa.eu/person/1552
1554,Mr,Nikolaos,Vgenopoulos,????????,???????????,male,Greece,A. Varvara (Ahaîas),30/01/1926 02:00,27/12/1985 01:00,https://www.europarl.europa.eu/mepphoto/1554.jpg,,,,,,,https://data.europarl.europa.eu/person/1554
1555,Mr,Giovanni,Papapietro,,,male,Italy,Bari,09/01/1931 02:00,25/05/2005 12:00,https://www.europarl.europa.eu/mepphoto/1555.jpg,,,,,,,https://data.europarl.europa.eu/person/1555
1557,Mr,Giancarlo,Pajetta,,,male,Italy,Torino,24/06/1911 01:00,,https://www.europarl.europa.eu/mepphoto/1557.jpg,,,,,,,https://data.europarl.europa.eu/person/1557
1566,Ms,Emma,Bonino,,,female,Italy,Bra,09/03/1948 01:00,,https://www.europarl.europa.eu/mepphoto/1566.jpg,,,,,,,https://data.europarl.europa.eu/person/1566
1569,Mr,Olivier,LEFEVRE D'ORMESSON,,,male,France,Biarritz (Pyrénées-Atl.),05/08/1918 12:00,24/10/2012 12:00,https://www.europarl.europa.eu/mepphoto/1569.jpg,,,,,,,https://data.europarl.europa.eu/person/1569
1570,Mr,Tom G.,O'Donnell,,,male,Ireland,Limerick,30/08/1926 01:00,,https://www.europarl.europa.eu/mepphoto/1570.jpg,,,,,,,https://data.europarl.europa.eu/person/1570
1573,Mr,Jørgen Brøndlund,Nielsen,,,male,Denmark,Ålborg,02/08/1939 01:00,,https://www.europarl.europa.eu/mepphoto/1573.jpg,,,,,,,https://data.europarl.europa.eu/person/1573
1574,Mr,Hans R.,Nord,,,male,Netherlands,Den Haag,11/10/1919 02:00,,https://www.europarl.europa.eu/mepphoto/1574.jpg,,,,,,,https://data.europarl.europa.eu/person/1574
1575,Mr,Tom,Normanton,,,male,United Kingdom,Rochdale,12/03/1917 01:00,,https://www.europarl.europa.eu/mepphoto/1575.jpg,,,,,,,https://data.europarl.europa.eu/person/1575
1580,Mr,Didier,Motchane,,,male,France,Paris,17/09/1931 01:00,,https://www.europarl.europa.eu/mepphoto/1580.jpg,,,,,,,https://data.europarl.europa.eu/person/1580
1581,Mr,Jean,Mouchel,,,male,France,Bricqueboscq (Manche),22/05/1928 01:00,07/03/2022 01:00,https://www.europarl.europa.eu/mepphoto/1581.jpg,,,,,,,https://data.europarl.europa.eu/person/1581
1583,Mr,Meinolf,Mertens,,,male,Germany,Bönkhausen (Westfalen),04/06/1923 01:00,,https://www.europarl.europa.eu/mepphoto/1583.jpg,,,,,,,https://data.europarl.europa.eu/person/1583
1584,Mr,Poul,Møller,,,male,Denmark,Frederiksberg,13/10/1919 02:00,,https://www.europarl.europa.eu/mepphoto/1584.jpg,,,,,,,https://data.europarl.europa.eu/person/1584
1586,Mr,John Leslie,Marshall,,,male,United Kingdom,London,19/08/1940 12:00,,https://www.europarl.europa.eu/mepphoto/1586.jpg,,,,,,,https://data.europarl.europa.eu/person/1586
1588,Mr,Georges,Marchais,,,male,France,La Hoguette (Calvados),07/06/1920 01:00,,https://www.europarl.europa.eu/mepphoto/1588.jpg,,,,,,,https://data.europarl.europa.eu/person/1588
1590,Mr,Emmanuel P.M.,Maffre-Baugé,,,male,France,Marseillan (Hérault),12/12/1921 02:00,22/06/2007 12:00,https://www.europarl.europa.eu/mepphoto/1590.jpg,,,,,,,https://data.europarl.europa.eu/person/1590
1598,Ms,Marcelle,Lentz-Cornette,,,female,Luxembourg,Niederkorn,02/03/1927 02:00,29/01/2008 01:00,https://www.europarl.europa.eu/mepphoto/1598.jpg,,,,,,,https://data.europarl.europa.eu/person/1598
1600,Ms,Christiane,Scrivener,,,female,France,Mulhouse (Ht. Rhin),01/09/1925 01:00,,https://www.europarl.europa.eu/mepphoto/1600.jpg,,,,,,,https://data.europarl.europa.eu/person/1600
1605,Mr,Giosuè,Ligios,,,male,Italy,Bitti (Nuoro),26/12/1928 02:00,09/12/2021 01:00,https://www.europarl.europa.eu/mepphoto/1605.jpg,,,,,,,https://data.europarl.europa.eu/person/1605
1606,Mr,Charles-Emile,Loo,,,male,France,Marseille,04/03/1922 01:00,22/08/2016 12:00,https://www.europarl.europa.eu/mepphoto/1606.jpg,,,,,,,https://data.europarl.europa.eu/person/1606
1607,Mr,Hendrik J.,Louwes,,,male,Netherlands,Ulrum,03/02/1921 02:00,,https://www.europarl.europa.eu/mepphoto/1607.jpg,,,,,,,https://data.europarl.europa.eu/person/1607
1610,Mr,Leonidas,Lagakos,????????,???????,male,Greece,Paris,01/04/1936 02:00,,https://www.europarl.europa.eu/mepphoto/1610.jpg,,,,,,,https://data.europarl.europa.eu/person/1610
1617,Ms,Jacqueline,Hoffmann,,,female,France,Béziers (Hérault),26/12/1943 01:00,,https://www.europarl.europa.eu/mepphoto/1617.jpg,,,,,,,https://data.europarl.europa.eu/person/1617
1619,Ms,Else,Hammerich,,,female,Denmark,København,07/09/1936 01:00,,https://www.europarl.europa.eu/mepphoto/1619.jpg,,,,,,,https://data.europarl.europa.eu/person/1619
1620,Ms,Ien,van den Heuvel,,,female,Netherlands,Tiel,07/08/1927 01:00,,https://www.europarl.europa.eu/mepphoto/1620.jpg,,,,,,,https://data.europarl.europa.eu/person/1620
1629,Mr,Felice,Ippolito,,,male,Italy,Napoli,16/11/1915 01:00,24/04/1997 12:00,https://www.europarl.europa.eu/mepphoto/1629.jpg,,,,,,,https://data.europarl.europa.eu/person/1629
1630,Mr,Finn,Lynge,,,male,Denmark,Godthåb,22/04/1933 01:00,,https://www.europarl.europa.eu/mepphoto/1630.jpg,,,,,,,https://data.europarl.europa.eu/person/1630
1631,Mr,Alasdair Henry,Hutton,,,male,United Kingdom,London,19/05/1940 12:00,,https://www.europarl.europa.eu/mepphoto/1631.jpg,,,,,,,https://data.europarl.europa.eu/person/1631
1632,Mr,Gero,Pfennig,,,male,Germany,Jüterbog (Brandenburg),11/02/1945 01:00,,https://www.europarl.europa.eu/mepphoto/1632.jpg,,,,,,,https://data.europarl.europa.eu/person/1632
1633,Mr,Karl-Heinz,Hoffmann,,,male,Germany,Köln,14/02/1928 02:00,,https://www.europarl.europa.eu/mepphoto/1633.jpg,,,,,,,https://data.europarl.europa.eu/person/1633
1636,Mr,Wilhelm F.T.,Hahn,,,male,Germany,Dorpat (Estland),14/05/1909 01:00,,https://www.europarl.europa.eu/mepphoto/1636.jpg,,,,,,,https://data.europarl.europa.eu/person/1636
1637,Ms,Eva,Gredal,,,female,Denmark,Nørresundby,19/02/1927 02:00,,https://www.europarl.europa.eu/mepphoto/1637.jpg,,,,,,,https://data.europarl.europa.eu/person/1637
1643,Mr,Altiero,Spinelli,,,male,Italy,Roma,31/08/1907 01:00,23/05/1986 12:00,https://www.europarl.europa.eu/mepphoto/1643.jpg,,,,,,,https://data.europarl.europa.eu/person/1643
1644,Mr,(Win) Winston James,Griffiths,,,male,United Kingdom,Grahmstown,11/02/1943 01:00,,https://www.europarl.europa.eu/mepphoto/1644.jpg,,,,,,,https://data.europarl.europa.eu/person/1644
1646,Mr,Giovanni,Giavazzi,,,male,Italy,Bergamo,14/04/1920 01:00,30/06/2019 12:00,https://www.europarl.europa.eu/mepphoto/1646.jpg,,,,,,,https://data.europarl.europa.eu/person/1646
1647,Mr,Vincenzo,GIUMMARRA,,,male,Italy,Ragusa,09/05/1923 01:00,27/10/2010 12:00,https://www.europarl.europa.eu/mepphoto/1647.jpg,,,,,,,https://data.europarl.europa.eu/person/1647
1650,Mr,Roger,Gauthier,,,male,France,Hayange,05/12/1934 02:00,,https://www.europarl.europa.eu/mepphoto/1650.jpg,,,,,,,https://data.europarl.europa.eu/person/1650
1652,Mr,Carlo Alberto,Galluzzi,,,male,Italy,Firenze,02/12/1919 02:00,11/03/2000 01:00,https://www.europarl.europa.eu/mepphoto/1652.jpg,,,,,,,https://data.europarl.europa.eu/person/1652
1658,Ms,Katharina,Focke,,,female,Germany,Bonn,08/10/1922 02:00,,https://www.europarl.europa.eu/mepphoto/1658.jpg,,,,,,,https://data.europarl.europa.eu/person/1658
1659,Ms,Yvette M.,Fuillet,,,female,France,Marseille,01/03/1923 02:00,15/12/2007 01:00,https://www.europarl.europa.eu/mepphoto/1659.jpg,,,,,,,https://data.europarl.europa.eu/person/1659
1662,Ms,The Baroness,Elles,,,female,United Kingdom,Bedford,19/07/1921 01:00,,https://www.europarl.europa.eu/mepphoto/1662.jpg,,,,,,,https://data.europarl.europa.eu/person/1662
1669,Mr,Isidor W.,Früh,,,male,Germany,Sasbach (Baden),13/04/1922 01:00,,https://www.europarl.europa.eu/mepphoto/1669.jpg,,,,,,,https://data.europarl.europa.eu/person/1669
1670,Mr,Seán,Flanagan,,,male,Ireland,Dublin,26/01/1922 02:00,,https://www.europarl.europa.eu/mepphoto/1670.jpg,,,,,,,https://data.europarl.europa.eu/person/1670
1671,Mr,Bruno,Friedrich,,,male,Germany,Helmbrechts,31/05/1927 01:00,20/06/1987 12:00,https://www.europarl.europa.eu/mepphoto/1671.jpg,,,,,,,https://data.europarl.europa.eu/person/1671
1672,Mr,Otmar,Franz,,,male,Germany,Marburg,06/01/1935 02:00,,https://www.europarl.europa.eu/mepphoto/1672.jpg,,,,,,,https://data.europarl.europa.eu/person/1672
1673,Mr,Basil,de Ferranti,,,male,United Kingdom,Alderley Edge (Cheshire),02/07/1930 01:00,24/09/1988 12:00,https://www.europarl.europa.eu/mepphoto/1673.jpg,,,,,,,https://data.europarl.europa.eu/person/1673
1675,Mr,Bruno,Ferrero,,,male,Italy,Belluno,02/06/1943 12:00,15/04/2006 12:00,https://www.europarl.europa.eu/mepphoto/1675.jpg,,,,,,,https://data.europarl.europa.eu/person/1675
1676,Mr,Ove,Fich,,,male,Denmark,Odense,16/03/1949 01:00,,https://www.europarl.europa.eu/mepphoto/1676.jpg,,,,,,,https://data.europarl.europa.eu/person/1676
1677,Mr,Leonidas,Kyrkos,????????,??????,male,Greece,Iraklio,12/10/1924 02:00,,https://www.europarl.europa.eu/mepphoto/1677.jpg,,,,,,,https://data.europarl.europa.eu/person/1677
1678,Mr,Ludwig,Fellermaier,,,male,Germany,Wien,02/07/1930 01:00,,https://www.europarl.europa.eu/mepphoto/1678.jpg,,,,,,,https://data.europarl.europa.eu/person/1678
1679,Mr,Louis,Eyraud,,,male,France,Lyon,18/05/1922 01:00,29/09/1993 01:00,https://www.europarl.europa.eu/mepphoto/1679.jpg,,,,,,,https://data.europarl.europa.eu/person/1679
1681,Mr,Guido,FANTI,,,male,Italy,Bologna,27/05/1925 01:00,11/02/2012 01:00,https://www.europarl.europa.eu/mepphoto/1681.jpg,,,,,,,https://data.europarl.europa.eu/person/1681
1683,Mr,Sergio,Ercini,,,male,Italy,Orvieto (Terni),28/10/1934 02:00,27/07/2007 12:00,https://www.europarl.europa.eu/mepphoto/1683.jpg,,,,,,,https://data.europarl.europa.eu/person/1683
1688,Ms,Anne-Marie A.,Lizin,,,female,Belgium,Huy,05/01/1949 01:00,,https://www.europarl.europa.eu/mepphoto/1688.jpg,,,,,,,https://data.europarl.europa.eu/person/1688
1691,Ms,Danielle,DE MARCH-WALLER,,,female,France,Lérouville (Meuse),06/08/1939 12:00,,https://www.europarl.europa.eu/mepphoto/1691.jpg,,,,,,,https://data.europarl.europa.eu/person/1691
1698,Mr,Mario,Di Bartolomei,,,male,Italy,Supino (Frosinone),17/05/1931 01:00,18/09/2020 12:00,https://www.europarl.europa.eu/mepphoto/1698.jpg,,,,,,,https://data.europarl.europa.eu/person/1698
1699,Mr,Mario,Dido',,,male,Italy,Livry Gargan (Seine et Oise) Francia,16/11/1926 02:00,04/12/2007 01:00,https://www.europarl.europa.eu/mepphoto/1699.jpg,,,,,,,https://data.europarl.europa.eu/person/1699
1700,Mr,Georges H.,Donnez,,,male,France,Saint Amand les Eaux,20/06/1922 01:00,22/04/2001 12:00,https://www.europarl.europa.eu/mepphoto/1700.jpg,,,,,,,https://data.europarl.europa.eu/person/1700
1702,Mr,André,Rossi,,,male,France,Menton,16/05/1921 01:00,,https://www.europarl.europa.eu/mepphoto/1702.jpg,,,,,,,https://data.europarl.europa.eu/person/1702
1703,Mr,Robert,DELOROZOY,,,male,France,Versailles,24/05/1922 12:00,02/06/2015 12:00,https://www.europarl.europa.eu/mepphoto/1703.jpg,,,,,,,https://data.europarl.europa.eu/person/1703
1704,Mr,Pancrazio,De Pasquale,,,male,Italy,Giardini (Messina),06/08/1925 01:00,26/09/1992 12:00,https://www.europarl.europa.eu/mepphoto/1704.jpg,,,,,,,https://data.europarl.europa.eu/person/1704
1705,Ms,Maria Lisa,Cinciari Rodano,,,female,Italy,Roma,21/01/1921 02:00,,https://www.europarl.europa.eu/mepphoto/1705.jpg,,,,,,,https://data.europarl.europa.eu/person/1705
1706,Ms,Barbara A.,Castle,,,female,United Kingdom,Chesterfield,06/10/1910 01:00,,https://www.europarl.europa.eu/mepphoto/1706.jpg,,,,,,,https://data.europarl.europa.eu/person/1706
1707,Ms,Gisèle,BOCHENEK-FORRAY,,,female,France,Paris,17/02/1941 12:00,,https://www.europarl.europa.eu/mepphoto/1707.jpg,,,,,,,https://data.europarl.europa.eu/person/1707
1710,Mr,Michel,Debatisse,,,male,France,Palladuc (Puy de Dôme),01/04/1929 02:00,11/06/1997 12:00,https://www.europarl.europa.eu/mepphoto/1710.jpg,,,,,,,https://data.europarl.europa.eu/person/1710
1713,Mr,John,de Courcy Ling,,,male,United Kingdom,Edgbaston,14/10/1933 02:00,,https://www.europarl.europa.eu/mepphoto/1713.jpg,,,,,,,https://data.europarl.europa.eu/person/1713
1714,Mr,Lambert V.J.,Croux,,,male,Belgium,Bilzen,06/03/1927 02:00,,https://www.europarl.europa.eu/mepphoto/1714.jpg,,,,,,,https://data.europarl.europa.eu/person/1714
1716,Mr,David M.,Curry,,,male,United Kingdom,Burton-on-Trent,13/06/1944 12:00,,https://www.europarl.europa.eu/mepphoto/1716.jpg,,,,,,,https://data.europarl.europa.eu/person/1716
1720,Mr,Roberto,Costanzo,,,male,Italy,San Marco dei Cavoti (Benevento),27/11/1929 02:00,,https://www.europarl.europa.eu/mepphoto/1720.jpg,,,,,,,https://data.europarl.europa.eu/person/1720
1721,Mr,Richard J.,Cottrell,,,male,United Kingdom,Wellington (Somerset),11/07/1943 12:00,,https://www.europarl.europa.eu/mepphoto/1721.jpg,,,,,,,https://data.europarl.europa.eu/person/1721
1722,Mr,Robert,Cohen,,,male,Netherlands,Rotterdam,04/03/1930 02:00,,https://www.europarl.europa.eu/mepphoto/1722.jpg,,,,,,,https://data.europarl.europa.eu/person/1722
1723,Mr,Robert,CHAMBEIRON,,,male,France,Paris,22/05/1915 01:00,30/12/2014 01:00,https://www.europarl.europa.eu/mepphoto/1723.jpg,,,,,,,https://data.europarl.europa.eu/person/1723
1725,Mr,Mark,Clinton,,,male,Ireland,Moynalty (Co. Meath),07/02/1915 01:00,,https://www.europarl.europa.eu/mepphoto/1725.jpg,,,,,,,https://data.europarl.europa.eu/person/1725
1727,Mr,Pino,Romualdi,,,male,Italy,Predappio (Forli),24/07/1913 01:00,22/05/1988 12:00,https://www.europarl.europa.eu/mepphoto/1727.jpg,,,,,,,https://data.europarl.europa.eu/person/1727
1730,Mr,Angelo,Carossino,,,male,Italy,Genova,21/02/1929 02:00,25/07/2020 12:00,https://www.europarl.europa.eu/mepphoto/1730.jpg,,,,,,,https://data.europarl.europa.eu/person/1730
1737,Ms,Elise C.A.M.,Boot,,,female,Netherlands,Rotterdam,02/08/1932 01:00,,https://www.europarl.europa.eu/mepphoto/1737.jpg,,,,,,,https://data.europarl.europa.eu/person/1737
1738,Ms,Bodil,Boserup,,,female,Denmark,Thisted,24/06/1921 01:00,,https://www.europarl.europa.eu/mepphoto/1738.jpg,,,,,,,https://data.europarl.europa.eu/person/1738
1739,Ms,Beate Ann,Brookes,,,female,United Kingdom,Rhuddlan (North Wales),21/01/1930 02:00,,https://www.europarl.europa.eu/mepphoto/1739.jpg,,,,,,,https://data.europarl.europa.eu/person/1739
1762,Mr,Heinrich,Aigner,,,male,Germany,Ebrach (Bayern),25/05/1924 01:00,24/03/1988 01:00,https://www.europarl.europa.eu/mepphoto/1762.jpg,,,,,,,https://data.europarl.europa.eu/person/1762
1764,Mr,Antonino,Buttafuoco,,,male,Italy,Nissoria (Enna),20/04/1923 02:00,02/04/2005 12:00,https://www.europarl.europa.eu/mepphoto/1764.jpg,,,,,,,https://data.europarl.europa.eu/person/1764
1765,Mr,Dimitrios,Adamou,?????????,??????,male,Greece,Pyrsoyanni Ioanninon,20/10/1914 01:00,,https://www.europarl.europa.eu/mepphoto/1765.jpg,,,,,,,https://data.europarl.europa.eu/person/1765
1767,Mr,Hubert Jean,BUCHOU,,,male,France,Pau,01/01/1925 02:00,20/11/2015 01:00,https://www.europarl.europa.eu/mepphoto/1767.jpg,,,,,,,https://data.europarl.europa.eu/person/1767
1770,Mr,Aldo,Bonaccini,,,male,Italy,Napoli,27/06/1920 01:00,28/01/2000 01:00,https://www.europarl.europa.eu/mepphoto/1770.jpg,,,,,,,https://data.europarl.europa.eu/person/1770
1772,Ms,Magdeleine,Anglade,,,female,France,Valence (Drôme),05/07/1921 01:00,,https://www.europarl.europa.eu/mepphoto/1772.jpg,,,,,,,https://data.europarl.europa.eu/person/1772
1773,Ms,Carla,Barbarella,,,female,Italy,Magione (Perugia),04/02/1940 02:00,,https://www.europarl.europa.eu/mepphoto/1773.jpg,,,,,,,https://data.europarl.europa.eu/person/1773
1774,Ms,Nicole,Chouraqui,,,female,France,Alger,18/03/1938 02:00,31/08/1987 12:00,https://www.europarl.europa.eu/mepphoto/1774.jpg,,,,,,,https://data.europarl.europa.eu/person/1774
1775,Mr,Karel A.L.H.,Van Miert,,,male,Belgium,Oud-Turnhout,17/01/1942 12:00,,https://www.europarl.europa.eu/mepphoto/1775.jpg,,,,,,,https://data.europarl.europa.eu/person/1775
1776,Mr,Erik Bernhard,Blumenfeld,,,male,Germany,Hamburg,27/03/1915 01:00,,https://www.europarl.europa.eu/mepphoto/1776.jpg,,,,,,,https://data.europarl.europa.eu/person/1776
1778,Mr,Philipp von,Bismarck,,,male,Germany,Jarchlin (Pommern),19/08/1913 01:00,,https://www.europarl.europa.eu/mepphoto/1778.jpg,,,,,,,https://data.europarl.europa.eu/person/1778
1779,Mr,Jørgen,Bøgh,,,male,Denmark,Frederiksberg,06/06/1917 12:00,,https://www.europarl.europa.eu/mepphoto/1779.jpg,,,,,,,https://data.europarl.europa.eu/person/1779
1781,Mr,Giovanni,Bersani,,,male,Italy,Bologna,22/07/1914 01:00,,https://www.europarl.europa.eu/mepphoto/1781.jpg,,,,,,,https://data.europarl.europa.eu/person/1781
1782,Mr,Jan,Klinkenborg,,,male,Germany,Emden,26/09/1935 01:00,28/07/1988 12:00,https://www.europarl.europa.eu/mepphoto/1782.jpg,,,,,,,https://data.europarl.europa.eu/person/1782
1784,Mr,Robert C.,Battersby,,,male,United Kingdom,Sheffield,14/12/1924 02:00,,https://www.europarl.europa.eu/mepphoto/1784.jpg,,,,,,,https://data.europarl.europa.eu/person/1784
1786,Mr,Rudi,Arndt,,,male,Germany,Wiesbaden,01/03/1927 02:00,,https://www.europarl.europa.eu/mepphoto/1786.jpg,,,,,,,https://data.europarl.europa.eu/person/1786
1787,Mr,Louis,Baillot,,,male,France,Paris,11/05/1924 01:00,08/05/2007 12:00,https://www.europarl.europa.eu/mepphoto/1787.jpg,,,,,,,https://data.europarl.europa.eu/person/1787
1789,Mr,Dario,Antoniozzi,,,male,Italy,Rieti,11/12/1923 02:00,,https://www.europarl.europa.eu/mepphoto/1789.jpg,,,,,,,https://data.europarl.europa.eu/person/1789
1792,Mr,Fritz,Gautier,,,male,Germany,Norden,17/01/1950 01:00,10/08/2017 12:00,https://www.europarl.europa.eu/mepphoto/1792.jpg,,,,,,,https://data.europarl.europa.eu/person/1792
1797,Mr,Jochen van,Aerssen,,,male,Germany,Kevelaer,15/04/1941 12:00,,https://www.europarl.europa.eu/mepphoto/1797.jpg,,,,,,,https://data.europarl.europa.eu/person/1797
1802,Mr,Victor,Abens,,,male,Luxembourg,Vianden,16/10/1912 01:00,14/01/1993 01:00,https://www.europarl.europa.eu/mepphoto/1802.jpg,,,,,,,https://data.europarl.europa.eu/person/1802
1803,Mr,Roger,Fajardie,,,male,France,Bourges (Cher),04/09/1930 01:00,25/08/1987 12:00,https://www.europarl.europa.eu/mepphoto/1803.jpg,,,,,,,https://data.europarl.europa.eu/person/1803
4510,Mr,Dimitrios,Koulourianos,?????????,????????????,male,Greece,Koroni,04/12/1930 02:00,03/03/2019 01:00,https://www.europarl.europa.eu/mepphoto/4510.jpg,,,,,,,https://data.europarl.europa.eu/person/4510
